Name,Location,Price,Area,Rooms,Interior
Flat Marnixstraat,1016 XX Amsterdam (Jordaan),"€2,575 per month",63 m²,3 rooms,Upholstered
Flat Maasstraat 99 2,1078 HG Amsterdam (Scheldebuurt),"€3,000 per month",85 m²,3 rooms,Furnished
Flat Céramiquelaan,1031 KG Amsterdam (Noordelijke IJ-oevers-West),"€3,765 per month",117 m²,4 rooms,Furnished
Flat Korte Meerhuizenstraat,1078 TL Amsterdam (IJselbuurt),"€2,700 per month",67 m²,3 rooms,
Flat Gustav Mahlerlaan 23 L,1082 MK Amsterdam (Zuidas),"€2,400 per month",40 m²,2 rooms,
Flat Kruysweerstraat,1096 GN Amsterdam (Omval/Overamstel),"€2,450 per month",60 m²,2 rooms,Upholstered
Flat Johannes Verhulststraat,1075 HC Amsterdam (Willemspark),"€3,450 per month",75 m²,4 rooms,Furnished
Flat Reestraat 26 1,1016 DN Amsterdam (Grachtengordel-West),"€3,000 per month",55 m²,2 rooms,
Flat Valeriusstraat,1075 GM Amsterdam (Willemspark),"€3,350 per month",85 m²,3 rooms,Furnished
Flat Weteringschans 84 F,1017 XR Amsterdam (De Weteringschans),"€4,750 per month",135 m²,3 rooms,Furnished
Flat Venetiëhof,1019 NA Amsterdam (Oostelijk Havengebied),"€2,350 per month",94 m²,2 rooms,Furnished
Flat J.H. Hisgenpad 317,1025 WK Amsterdam (Elzenhagen),"€2,300 per month",67 m²,3 rooms,Upholstered
Flat Eerste Boerhaavestraat,1091 RZ Amsterdam (Weesperzijde),"€2,450 per month",52 m²,2 rooms,Furnished
Flat Frans van Mierisstraat 96 2,1071 RZ Amsterdam (Museumkwartier),"€3,250 per month",68 m²,3 rooms,Furnished
Flat Boerhaaveplein,1091 DS Amsterdam (Oosterparkbuurt),"€2,400 per month",90 m²,3 rooms,Furnished
House Zennehof 23,1066 WT Amsterdam (Sloten/Nieuw-Sloten),"€2,750 per month",120 m²,4 rooms,Furnished
Flat Preangerstraat 7 F,1095 GZ Amsterdam (Indische Buurt-Oost),"€1,695 per month",96 m²,3 rooms,
Flat Laagte Kadijk,1018 BA Amsterdam (Oostelijke Eilanden/Kadijken),"€2,450 per month",50 m²,2 rooms,Furnished
Flat Valkenburgerstraat,1011 NC Amsterdam (Nieuwmarkt/Lastage),"€3,150 per month",88 m²,3 rooms,Furnished
Flat Elandsgracht,1016 TW Amsterdam (Jordaan),"€3,250 per month",115 m²,3 rooms,Furnished
Flat Korte De Wittenstraat,1052 DG Amsterdam (Staatsliedenbuurt),"€2,950 per month",78 m²,3 rooms,Furnished
Flat Rustenburgerstraat 408 4,1072 HH Amsterdam (Nieuwe Pijp),"€2,850 per month",72 m²,2 rooms,Furnished
Flat Sarphatistraat,1018 GH Amsterdam (Weesperbuurt/Plantage),"€1,800 per month",61 m²,2 rooms,Upholstered
Flat Mercatorplein,1057 BX Amsterdam (Hoofdweg e.o.),Price on request,65 m²,2 rooms,Furnished
Flat Prinsengracht 630 A,1017 KT Amsterdam (De Weteringschans),"€1,527 per month",48 m²,2 rooms,Upholstered or furnished
Flat Vossiusstraat,1071 AE Amsterdam (Museumkwartier),"€3,500 per month",110 m²,2 rooms,Upholstered
Flat Alexander Boersstraat,1071 KV Amsterdam (Museumkwartier),"€2,950 per month",85 m²,3 rooms,Upholstered
Flat Van der Palmkade,1051 RL Amsterdam (Staatsliedenbuurt),"€3,250 per month",124 m²,3 rooms,Upholstered or furnished
Flat Sint Luciënsteeg,1012 PM Amsterdam (Burgwallen-Nieuwe Zijde),"€2,675 per month",51 m²,2 rooms,Upholstered or furnished
Flat Tweede Jan Steenstraat,1074 CM Amsterdam (Oude Pijp),"€2,250 per month",60 m²,3 rooms,Upholstered
Flat Vaartstraat,1075 RS Amsterdam (Schinkelbuurt),"€2,500 per month",70 m²,3 rooms,Upholstered
Flat Plantage Doklaan 49,1018 CM Amsterdam (Weesperbuurt/Plantage),"€3,000 per month",86 m²,3 rooms,Furnished
Flat Marnixstraat,1016 XX Amsterdam (Jordaan),"€2,575 per month",63 m²,3 rooms,Upholstered
Flat Karel Klinkenbergstraat 1 M,1061 AH Amsterdam (Overtoomse Veld),"€2,650 per month",76 m²,3 rooms,Furnished
Flat Herengracht,1016 BW Amsterdam (Grachtengordel-West),"€3,500 per month",92 m²,2 rooms,Furnished
Flat Joris van Andringastraat,1055 VV Amsterdam (Landlust),"€2,950 per month",90 m²,4 rooms,Furnished
Flat Overtoom,1054 HH Amsterdam (Vondelparkbuurt),"€3,750 per month",160 m²,4 rooms,Furnished
Flat Rustenburgerstraat,1073 GE Amsterdam (Nieuwe Pijp),"€2,500 per month",60 m²,2 rooms,Furnished
Flat Kerkstraat,1017 GH Amsterdam (Grachtengordel-Zuid),"€3,890 per month",88 m²,3 rooms,
Flat Vespuccistraat,1056 SL Amsterdam (Van Galenbuurt),"€2,575 per month",57 m²,4 rooms,Upholstered
Flat Titus van Rijnstraat 151,1058 GB Amsterdam (Westlandgracht),"€3,450 per month",91 m²,4 rooms,Upholstered
Flat Kloveniersburgwal,1012 CW Amsterdam (Burgwallen-Oude Zijde),"€2,650 per month",85 m²,3 rooms,Furnished
Flat Mary van der Sluisstraat,1095 ME Amsterdam (Zeeburgereiland/Bovendiep),"€2,450 per month",78 m²,3 rooms,Furnished
Flat Jacob Paffstraat,1069 PK Amsterdam (De Aker),"€1,999 per month",85 m²,3 rooms,Furnished
Flat Cornelis Vermuydenstraat 5,1018 RN Amsterdam (Oostelijke Eilanden/Kadijken),"€2,950 per month",96 m²,3 rooms,Upholstered
Flat Boterdiepstraat 10 2,1079 SW Amsterdam (Rijnbuurt),"€2,450 per month",65 m²,3 rooms,Furnished
Flat Crynssenstraat,1058 XV Amsterdam (Westindische Buurt),"€2,650 per month",80 m²,5 rooms,Upholstered
Flat Barcelonaplein 67,1019 LX Amsterdam (Oostelijk Havengebied),"€2,700 per month",75 m²,3 rooms,Furnished
Flat Rhijnvis Feithstraat,1054 TW Amsterdam (Overtoomse Sluis),"€2,225 per month",59 m²,2 rooms,Furnished
Flat Schoonboomstraat,1069 BG Amsterdam (Osdorp-Midden),"€2,450 per month",73 m²,3 rooms,Furnished
Flat Spuistraat,1012 VA Amsterdam (Burgwallen-Nieuwe Zijde),"€2,275 per month",40 m²,2 rooms,
Flat Jan Bernardusstraat,1091 TT Amsterdam (Weesperzijde),"€2,700 per month",48 m²,3 rooms,Furnished
Flat Amazonenstraat,1076 LM Amsterdam (Stadionbuurt),"€2,600 per month",51 m²,3 rooms,Upholstered
Flat Albert Molhof,1031 JK Amsterdam (Noordelijke IJ-oevers-West),"€2,500 per month",87 m²,3 rooms,Furnished
Flat Nassaukade,1053 LM Amsterdam (Da Costabuurt),"€2,850 per month",100 m²,3 rooms,Furnished
Flat Veembroederhof,1019 HC Amsterdam (Oostelijk Havengebied),"€2,400 per month",100 m²,2 rooms,Furnished
Flat Krooswijkhof,1083 JA Amsterdam (Buitenveldert-Oost),"€2,900 per month",101 m²,4 rooms,Furnished
Flat Wim van Estlaan,1061 MK Amsterdam (De Kolenkit),"€2,750 per month",82 m²,3 rooms,Furnished
Flat Ceintuurbaan,1072 EV Amsterdam (Oude Pijp),"€2,325 per month",30 m²,2 rooms,Upholstered
Flat Haarlemmerweg,1014 BL Amsterdam (Sloterdijk-West),"€2,075 per month",64 m²,3 rooms,
Flat Haarlemmerweg,1014 BL Amsterdam (Sloterdijk-West),"€1,960 per month",63 m²,3 rooms,
Flat Haarlemmerweg,1014 BL Amsterdam (Sloterdijk-West),"€2,250 per month",73 m²,4 rooms,
Flat Noorderdwarsstraat,1017 TX Amsterdam (De Weteringschans),"€3,300 per month",76 m²,3 rooms,Upholstered or furnished
Flat Biesboschstraat,1078 MN Amsterdam (Scheldebuurt),"€2,650 per month",76 m²,3 rooms,Upholstered
Flat Marnixstraat,1016 XX Amsterdam (Jordaan),"€2,575 per month",63 m²,3 rooms,Upholstered
Flat Maasstraat 99 2,1078 HG Amsterdam (Scheldebuurt),"€3,000 per month",85 m²,3 rooms,Furnished
Flat Jan Evertsenstraat,1061 XZ Amsterdam (Overtoomse Veld),"€2,300 per month",85 m²,4 rooms,Furnished
Flat Galastraat,1036 LA Amsterdam (Tuindorp Oostzaan),"€2,800 per month",82 m²,3 rooms,Furnished
House J.S. Ruppertstraat,1069 KJ Amsterdam (Osdorp-Midden),"€3,500 per month",140 m²,4 rooms,Furnished
Flat Ridderspoorweg,1032 LL Amsterdam (Noordelijke IJ-oevers-West),"€2,000 per month",45 m²,2 rooms,Furnished
Flat Admiraal De Ruijterweg 354 A H,1055 NA Amsterdam (Landlust),"€1,967 per month",141 m²,3 rooms,Upholstered
Flat Derde Helmersstraat 74 2,1054 BL Amsterdam (Helmersbuurt),"€2,500 per month",67 m²,2 rooms,Furnished
Flat Nieuwe Laan,1068 CA Amsterdam (Osdorp-Oost),"€2,294 per month",85 m²,3 rooms,Furnished
Flat Van Oldenbarneveldtstraat,1052 KC Amsterdam (Frederik Hendrikbuurt),"€2,750 per month",80 m²,3 rooms,Upholstered
Flat Ottho Heldringstraat,1066 XT Amsterdam (Slotervaart-Zuid),"€3,250 per month",163 m²,6 rooms,Upholstered
Flat Linnaeuskade 26 H,1098 BG Amsterdam (Middenmeer),"€3,000 per month",140 m²,5 rooms,
Flat Ceintuurbaan 73 4,1072 EW Amsterdam (Oude Pijp),"€2,650 per month",79 m²,3 rooms,Furnished
Flat Delflandplein 56,1062 HT Amsterdam (Westlandgracht),"€2,100 per month",88 m²,4 rooms,Upholstered
Flat Tolstraat,1073 SE Amsterdam (Zuid Pijp),"€3,000 per month",78 m²,3 rooms,Furnished
Flat Van Nijenrodeweg,1082 JL Amsterdam (Buitenveldert-West),"€2,550 per month",85 m²,3 rooms,Furnished
Flat Badhuiskade 223,1031 KV Amsterdam (Noordelijke IJ-oevers-West),"€2,350 per month",49 m²,2 rooms,Furnished
Flat Alexander Boersstraat,1071 KZ Amsterdam (Museumkwartier),"€2,750 per month",80 m²,2 rooms,Furnished
Flat Eerste Helmersstraat,1054 ER Amsterdam (Overtoomse Sluis),"€5,350 per month",117 m²,4 rooms,Furnished
Studio Kinkerstraat,1053 GA Amsterdam (Bellamybuurt),"€1,500 per month",40 m²,2 rooms,Furnished
Flat Willem Augustinstraat 275,1061 MJ Amsterdam (De Kolenkit),"€1,850 per month",126 m²,4 rooms,
Flat Admiraal De Ruijterweg,1055 MS Amsterdam (Landlust),"€2,195 per month",50 m²,3 rooms,Upholstered
Flat Sloterkade,1058 HN Amsterdam (Hoofddorppleinbuurt),"€3,150 per month",68 m²,3 rooms,Furnished
Flat Jan van Galenstraat 666,1061 AZ Amsterdam (De Kolenkit),"€1,831 per month",64 m²,3 rooms,Upholstered
Flat Quellijnstraat 70 B,1072 XW Amsterdam (Oude Pijp),"€2,149 per month",54 m²,2 rooms,Upholstered
Flat Haparandaweg 58,1013 BD Amsterdam (Houthavens),"€1,592 per month",44 m²,1 room,Upholstered
Flat Elizabeth Cady Stantonplein 122,1102 BL Amsterdam (Amsterdamse Poort e.o.),€783 per month,27 m²,1 room,Upholstered
Flat August Allebéplein 718,1062 AC Amsterdam (Overtoomse Veld),€862 per month,29 m²,1 room,Upholstered
Flat Pantograafstraat 64,1019 XX Amsterdam (Oostelijk Havengebied),"€2,112 per month",78 m²,3 rooms,Shell
Flat Uiterwaardenstraat,1079 DD Amsterdam (Scheldebuurt),"€3,150 per month",140 m²,6 rooms,
Flat Elisabeth Wolffstraat,1053 TV Amsterdam (Bellamybuurt),"€2,475 per month",52 m²,3 rooms,Upholstered
Flat Rustenburgerstraat,1073 GA Amsterdam (Nieuwe Pijp),"€2,850 per month",77 m²,2 rooms,Upholstered
Flat Marnixstraat,1016 XX Amsterdam (Jordaan),"€2,575 per month",63 m²,3 rooms,Upholstered
Flat Maasstraat 99 2,1078 HG Amsterdam (Scheldebuurt),"€3,000 per month",85 m²,3 rooms,Furnished
Flat Woestduinstraat,1058 SX Amsterdam (Hoofddorppleinbuurt),"€2,475 per month",50 m²,3 rooms,Upholstered
Flat Bijlmerplein 858 K 10,1102 ME Amsterdam (Amsterdamse Poort e.o.),"€1,600 per month",56 m²,2 rooms,Upholstered
Flat Eendrachtstraat 20 2,1078 XZ Amsterdam (Scheldebuurt),"€1,995 per month",68 m²,1 room,
Flat Elzenhagensingel 158,1022 LA Amsterdam (Elzenhagen),"€1,706 per month",53 m²,2 rooms,Upholstered
Flat Ombilinstraat 20,1094 NV Amsterdam (Indische Buurt-West),"€2,450 per month",89 m²,3 rooms,Furnished
Flat Valkenstein,1082 BN Amsterdam (Buitenveldert-West),€860 per month,75 m²,4 rooms,
Flat Bernard Loderstraat 157,1063 PG Amsterdam (Slotermeer-West),"€1,510 per month",75 m²,3 rooms,
Flat Reinier Claeszenstraat 27 2,1056 WD Amsterdam (Geuzenbuurt),"€3,000 per month",72 m²,3 rooms,Upholstered
Flat Kinderdijkstraat,1079 GN Amsterdam (Rijnbuurt),"€2,500 per month",65 m²,2 rooms,Upholstered
Flat Stuyvesantstraat,1058 AK Amsterdam (Westindische Buurt),"€2,800 per month",50 m²,3 rooms,Upholstered
Flat Oostenburgermiddenstraat,1018 LH Amsterdam (Oostelijke Eilanden/Kadijken),"€1,272 per month",45 m²,2 rooms,
Flat Alexander Boersstraat,1071 KV Amsterdam (Museumkwartier),"€4,750 per month",135 m²,3 rooms,Upholstered or furnished
Flat Valkenstein,1082 BN Amsterdam (Buitenveldert-West),€860 per month,75 m²,4 rooms,
Flat Karspeldreef,1101 CK Amsterdam (Amstel III/Bullewijk),"€1,306 per month",50 m²,2 rooms,
Flat De Liefde 1,1052 MZ Amsterdam (Da Costabuurt),"€2,400 per month",87 m²,3 rooms,Shell
Flat Theodorus Majofskistraat,1065 SR Amsterdam (Slotervaart-Zuid),"€1,850 per month",73 m²,4 rooms,
Flat Van Woustraat 115 1,1074 AH Amsterdam (Nieuwe Pijp),"€2,600 per month",53 m²,2 rooms,
Flat Rubensstraat,1077 MT Amsterdam (Apollobuurt),"€5,250 per month",175 m²,6 rooms,Upholstered
Flat Sporadenlaan,1060 MN Amsterdam (De Aker),"€1,875 per month",52 m²,2 rooms,Furnished
Flat Bestevâerstraat,1056 HE Amsterdam (Geuzenbuurt),"€2,650 per month",77 m²,3 rooms,Furnished
Flat De Lairessestraat 172 F,1075 HM Amsterdam (Willemspark),"€4,000 per month",106 m²,3 rooms,Upholstered
Flat Overtoom,1054 LN Amsterdam (Overtoomse Sluis),"€2,700 per month",93 m²,4 rooms,
Flat Galjootstraat 150,1086 VE Amsterdam (IJburg-West),"€2,450 per month",79 m²,3 rooms,Furnished
Flat Griseldestraat 17 H,1055 AR Amsterdam (Erasmuspark),"€3,250 per month",100 m²,4 rooms,Furnished
Flat Krommertstraat,1056 TS Amsterdam (Geuzenbuurt),"€1,825 per month",30 m²,1 room,Upholstered
Flat Maarten Harpertszoon Trompstraat,1056 JA Amsterdam (Geuzenbuurt),"€3,975 per month",171 m²,4 rooms,
Flat Amstelveenseweg,1075 VZ Amsterdam (Willemspark),"€2,500 per month",60 m²,3 rooms,Furnished
Flat Rijnlandlaan,1062 MX Amsterdam (Westlandgracht),"€2,650 per month",89 m²,3 rooms,
Flat Hortusplantsoen,1018 TZ Amsterdam (Weesperbuurt/Plantage),"€2,450 per month",72 m²,3 rooms,Furnished
Flat Noorderstraat 71 C,1017 TT Amsterdam (De Weteringschans),"€2,750 per month",62 m²,3 rooms,Upholstered or furnished
Flat Karel Klinkenbergstraat 1 M,1061 AH Amsterdam (Overtoomse Veld),"€2,650 per month",76 m²,3 rooms,Furnished
Flat Marnixstraat,1016 XX Amsterdam (Jordaan),"€2,575 per month",63 m²,3 rooms,Upholstered
Flat Nida Senffstraat,1095 MX Amsterdam (Zeeburgereiland/Bovendiep),"€2,375 per month",64 m²,3 rooms,Upholstered
Flat Valkhof,1082 VG Amsterdam (Buitenveldert-West),"€2,350 per month",70 m²,3 rooms,Furnished
Flat Weteringschans,1017 XH Amsterdam (De Weteringschans),"€2,850 per month",120 m²,5 rooms,
Flat Lange Leidsedwarsstraat,1017 NG Amsterdam (De Weteringschans),"€2,850 per month",76 m²,2 rooms,Shell
Flat Davisstraat 28 H,1057 TK Amsterdam (Hoofdweg e.o.),"€2,400 per month",70 m²,3 rooms,Furnished
Flat Okeghemstraat,1075 PP Amsterdam (Willemspark),"€2,450 per month",57 m²,3 rooms,Upholstered
Flat Van Ollefenstraat 46,1065 LK Amsterdam (Slotervaart-Zuid),"€1,875 per month",80 m²,3 rooms,
Flat Nassaukade,1054 AB Amsterdam (Helmersbuurt),"€3,000 per month",65 m²,2 rooms,Furnished
Flat Willem Schoutenstraat,1057 DL Amsterdam (Hoofdweg e.o.),"€2,495 per month",100 m²,3 rooms,Furnished
Flat Haringbuisdijk,1086 VA Amsterdam (IJburg-West),"€3,750 per month",115 m²,3 rooms,Furnished
Flat Rijnstraat,1078 RB Amsterdam (IJselbuurt),"€4,900 per month",93 m²,5 rooms,Shell
Flat Nachtwachtlaan,1058 ES Amsterdam (Overtoomse Veld),"€1,750 per month",59 m²,2 rooms,Furnished
Flat Vrouwengelukhof 95,1061 BS Amsterdam (De Kolenkit),"€1,526 per month",76 m²,3 rooms,Shell
Flat Tweede Jan Steenstraat 25 3,1073 VL Amsterdam (Oude Pijp),"€2,590 per month",65 m²,3 rooms,Upholstered
Flat Uilenburgerwerf,1011 MZ Amsterdam (Nieuwmarkt/Lastage),"€3,100 per month",95 m²,3 rooms,Furnished
Flat Karspeldreef,1101 CK Amsterdam (Amstel III/Bullewijk),"€1,306 per month",55 m²,2 rooms,
Flat Tugelaweg,1091 VX Amsterdam (Transvaalbuurt),"€2,550 per month",81 m²,4 rooms,Upholstered or furnished
Flat Stadionkade 43 H,1077 VR Amsterdam (Apollobuurt),"€3,750 per month",109 m²,5 rooms,Upholstered
Flat Cornelis Schuytstraat,1071 JJ Amsterdam (Museumkwartier),"€3,850 per month",120 m²,4 rooms,Upholstered
Flat Elegaststraat,1055 TH Amsterdam (Erasmuspark),"€2,250 per month",65 m²,3 rooms,Upholstered
Flat Anfieldroad 98,1098 WC Amsterdam (Middenmeer),"€1,650 per month",92 m²,3 rooms,
Flat Ottho Heldringstraat,1066 AZ Amsterdam (Slotervaart-Zuid),"€2,950 per month",104 m²,3 rooms,Furnished
Flat Aurikelstraat 5,1032 AP Amsterdam (Volewijck),"€1,950 per month",82 m²,3 rooms,Furnished
Flat Rutherfordstraat,1098 TM Amsterdam (Middenmeer),"€2,595 per month",69 m²,2 rooms,Furnished
Flat Bestevâerstraat 39 3,1056 HG Amsterdam (Geuzenbuurt),"€2,250 per month",130 m²,5 rooms,
Flat Da Costastraat 7 2,1053 XZ Amsterdam (Da Costabuurt),"€2,650 per month",63 m²,3 rooms,Upholstered
House Herengracht 395,1016 BC Amsterdam (Grachtengordel-West),"€8,250 per month",144 m²,3 rooms,Upholstered
Flat Haarlemmerweg 1142 C,1014 BL Amsterdam (Sloterdijk-West),"€1,741 per month",60 m²,3 rooms,Shell
Flat Polanenstraat 3 D,1013 VP Amsterdam (Spaarndammerbuurt/Zeeheldenbuurt),"€1,875 per month",37 m²,2 rooms,
Flat Rombout Hogerbeetsstraat,1052 XE Amsterdam (Frederik Hendrikbuurt),"€2,950 per month",106 m²,5 rooms,
Flat Maasstraat 99 2,1078 HG Amsterdam (Scheldebuurt),"€3,000 per month",85 m²,3 rooms,Furnished
Flat Marnixstraat,1016 XX Amsterdam (Jordaan),"€2,575 per month",63 m²,3 rooms,Upholstered
Flat Simon Stevinstraat,1097 BZ Amsterdam (Frankendael),"€2,500 per month",53 m²,2 rooms,Furnished
Flat Looiersgracht 26 1,1016 VS Amsterdam (Jordaan),"€2,950 per month",100 m²,4 rooms,Upholstered
Flat Osdorpplein,1068 EN Amsterdam (Osdorp-Oost),"€1,895 per month",95 m²,3 rooms,Shell
Flat Baden Powellweg,1069 LK Amsterdam (Osdorp-Midden),"€2,500 per month",103 m²,3 rooms,Furnished
Flat Tweede Jan van der Heijdenstraat 85 3,1074 XS Amsterdam (Oude Pijp),"€3,000 per month",70 m²,3 rooms,Furnished
Flat Lia Doranastraat 39,1031 HK Amsterdam (Noordelijke IJ-oevers-West),"€1,460 per month",50 m²,2 rooms,
House Volendammerweg,1024 JM Amsterdam (Waterlandpleinbuurt),"€3,500 per month",146 m²,6 rooms,Furnished
Flat Lijnbaansgracht 278 B,1017 RL Amsterdam (De Weteringschans),"€3,250 per month",110 m²,3 rooms,Upholstered
Flat Vijzelstraat,1017 HK Amsterdam (Grachtengordel-Zuid),"€3,250 per month",83 m²,2 rooms,Upholstered
Flat Valutaboulevard,1060 RX Amsterdam (De Aker),"€2,450 per month",60 m²,3 rooms,Upholstered
Flat Wiborgeiland,1014 ZC Amsterdam (Houthavens),"€2,500 per month",62 m²,2 rooms,Furnished
Flat Pieter Oosterhuisstraat,1087 HT Amsterdam (IJburg-Zuid),"€2,300 per month",85 m²,2 rooms,Furnished
House Lomanstraat,1075 PZ Amsterdam (Willemspark),"€4,950 per month",145 m²,6 rooms,Furnished
Flat Albert Cuypstraat 201 2,1073 BE Amsterdam (Oude Pijp),"€2,750 per month",65 m²,3 rooms,Furnished
Flat Kribbestraat 54 2,1079 WV Amsterdam (Rijnbuurt),"€2,450 per month",57 m²,3 rooms,Upholstered
Flat Kloveniersburgwal,1012 CW Amsterdam (Burgwallen-Oude Zijde),"€3,000 per month",57 m²,3 rooms,
Flat Kinkerstraat 324 4,1053 GD Amsterdam (Bellamybuurt),"€2,350 per month",45 m²,2 rooms,Furnished
Flat Jan van Schaffelaarplantsoen 17 B,1061 DL Amsterdam (De Kolenkit),"€2,450 per month",59 m²,3 rooms,Upholstered or furnished
Flat Reyer Anslostraat,1054 KV Amsterdam (Overtoomse Sluis),"€2,750 per month",80 m²,3 rooms,
Flat Plantage Kerklaan,1018 CW Amsterdam (Weesperbuurt/Plantage),"€2,900 per month",90 m²,3 rooms,Furnished
Flat Strekkerweg,1033 DA Amsterdam (Tuindorp Oostzaan),"€1,950 per month",74 m²,3 rooms,
Flat Vaartstraat 62 B,1075 RR Amsterdam (Schinkelbuurt),"€2,500 per month",56 m²,3 rooms,Upholstered or furnished
Flat Carnapstraat,1062 KX Amsterdam (Westlandgracht),"€2,450 per month",100 m²,3 rooms,Furnished
Flat Nieuwe Uilenburgerstraat,1011 LM Amsterdam (Nieuwmarkt/Lastage),"€2,650 per month",71 m²,3 rooms,Furnished
Flat Arent Janszoon Ernststraat,1082 LK Amsterdam (Buitenveldert-West),"€2,500 per month",75 m²,4 rooms,Furnished
Flat Rustenburgerstraat,1073 GM Amsterdam (Nieuwe Pijp),"€2,750 per month",46 m²,2 rooms,Furnished
Flat Cruquiuskade,1018 AM Amsterdam (Oostelijke Eilanden/Kadijken),"€2,700 per month",76 m²,3 rooms,Furnished
House Eliza van Calcarstraat,1068 RR Amsterdam (Osdorp-Oost),"€2,750 per month",144 m²,4 rooms,Upholstered
House Westerdok,1013 AZ Amsterdam (Haarlemmerbuurt),"€2,000 per month",100 m²,3 rooms,Furnished
Flat Van Tuyll van Serooskerkenweg,1076 JK Amsterdam (Stadionbuurt),"€2,975 per month",72 m²,3 rooms,Upholstered
Flat Maasstraat 99 2,1078 HG Amsterdam (Scheldebuurt),"€3,000 per month",85 m²,3 rooms,Furnished
Flat Karel Klinkenbergstraat 1 M,1061 AH Amsterdam (Overtoomse Veld),"€2,650 per month",76 m²,3 rooms,Furnished
Flat Herengracht,1015 BT Amsterdam (Grachtengordel-West),"€2,500 per month",63 m²,2 rooms,
Flat Geleenstraat,1078 LG Amsterdam (Scheldebuurt),"€3,150 per month",71 m²,4 rooms,Upholstered
Flat Prinsenstraat 12 A,1015 DC Amsterdam (Grachtengordel-West),"€2,850 per month",86 m²,3 rooms,Upholstered
Flat Van Boshuizenstraat,1082 AT Amsterdam (Buitenveldert-West),"€2,500 per month",68 m²,2 rooms,Upholstered
Flat Reinier Claeszenstraat 33 D,1056 WE Amsterdam (Geuzenbuurt),"€2,150 per month",53 m²,2 rooms,
Flat Maria Austriastraat,1087 KJ Amsterdam (IJburg-West),"€2,475 per month",46 m²,3 rooms,
Flat Amstel,1017 AG Amsterdam (Nieuwmarkt/Lastage),"€3,600 per month",110 m²,3 rooms,Furnished
Flat Ridderspoorweg,1032 LL Amsterdam (Noordelijke IJ-oevers-West),"€2,750 per month",85 m²,3 rooms,Furnished
Flat Populierenweg,1092 EV Amsterdam (Oosterparkbuurt),"€3,250 per month",84 m²,3 rooms,Furnished
Flat Plantage Middenlaan 42 B,1018 DH Amsterdam (Weesperbuurt/Plantage),"€2,050 per month",58 m²,2 rooms,Upholstered
Flat Gustav Mahlerlaan 162,1082 ME Amsterdam (Zuidas),"€3,500 per month",104 m²,3 rooms,Upholstered
Flat Eerste Weteringdwarsstraat,1017 TM Amsterdam (De Weteringschans),"€3,550 per month",90 m²,4 rooms,Furnished
Flat Titus van Rijnstraat,1058 GB Amsterdam (Westlandgracht),"€3,150 per month",85 m²,3 rooms,Furnished
House Scheepsbouwweg,1033 DC Amsterdam (Tuindorp Oostzaan),"€3,450 per month",132 m²,6 rooms,Furnished
Flat Van Eeghenstraat,1071 GE Amsterdam (Museumkwartier),"€4,800 per month",130 m²,4 rooms,Upholstered
Flat Curaçaostraat,1058 BL Amsterdam (Westindische Buurt),"€2,350 per month",58 m²,3 rooms,Upholstered
Flat Keizersgracht,1017 DN Amsterdam (Grachtengordel-Zuid),"€5,500 per month",120 m²,4 rooms,Furnished
Flat Looiersgracht 52 E,1016 VT Amsterdam (Jordaan),"€2,900 per month",66 m²,3 rooms,Upholstered or furnished
Flat Nieuwe Achtergracht 105 2,1018 WR Amsterdam (Weesperbuurt/Plantage),"€2,450 per month",55 m²,3 rooms,Upholstered
Flat Vrolikstraat,1092 TE Amsterdam (Oosterparkbuurt),"€1,700 per month",35 m²,2 rooms,Furnished
Flat Nieuwezijds Voorburgwal 159 B,1012 RK Amsterdam (Burgwallen-Nieuwe Zijde),"€4,000 per month",134 m²,4 rooms,Upholstered or furnished
Flat Carnapstraat 58 A,1062 KT Amsterdam (Westlandgracht),"€2,455 per month",92 m²,3 rooms,Upholstered
Flat Rosy Wertheimstraat,1082 MZ Amsterdam (Zuidas),"€2,950 per month",72 m²,2 rooms,Furnished
Flat Carnapstraat 66,1062 KT Amsterdam (Westlandgracht),"€2,255 per month",73 m²,2 rooms,Upholstered
Flat Newtonstraat,1098 GX Amsterdam (Middenmeer),"€2,850 per month",80 m²,5 rooms,
Flat Singel,1015 AB Amsterdam (Grachtengordel-West),"€2,950 per month",102 m²,2 rooms,Furnished
Flat Wilhelminastraat,1054 WD Amsterdam (Overtoomse Sluis),"€2,400 per month",52 m²,2 rooms,Furnished
Flat Linnaeusparkweg,1098 EP Amsterdam (Middenmeer),"€3,150 per month",122 m²,4 rooms,Upholstered
Flat Sumatrastraat,1094 NG Amsterdam (Indische Buurt-West),"€2,625 per month",51 m²,3 rooms,Upholstered
Flat Surinameplein,1058 GT Amsterdam (Westindische Buurt),"€2,930 per month",75 m²,2 rooms,Furnished
Flat Maasstraat 99 2,1078 HG Amsterdam (Scheldebuurt),"€3,000 per month",85 m²,3 rooms,Furnished
Flat Karel Klinkenbergstraat 1 M,1061 AH Amsterdam (Overtoomse Veld),"€2,650 per month",76 m²,3 rooms,Furnished
Flat Prinsengracht,1016 GX Amsterdam (Grachtengordel-West),"€2,700 per month",85 m²,2 rooms,Furnished
Flat Marnixstraat,1016 XX Amsterdam (Jordaan),"€2,575 per month",63 m²,3 rooms,Upholstered
Flat Elzenhagensingel 947,1022 LA Amsterdam (Elzenhagen),"€1,875 per month",85 m²,3 rooms,
Flat Sarphatistraat,1018 GS Amsterdam (Weesperbuurt/Plantage),"€2,990 per month",87 m²,3 rooms,Furnished
Flat Sarphatipark,1073 EC Amsterdam (Nieuwe Pijp),"€2,750 per month",73 m²,3 rooms,Upholstered
Flat Statenjachtstraat,1034 ET Amsterdam (Banne Buiksloot),"€1,950 per month",58 m²,3 rooms,Furnished
Flat Eerste Helmersstraat,1054 DW Amsterdam (Helmersbuurt),"€4,225 per month",140 m²,4 rooms,Upholstered
Flat Deurloostraat,1078 JD Amsterdam (Scheldebuurt),"€2,800 per month",81 m²,4 rooms,Upholstered
Flat Rijnlandlaan 271,1062 MX Amsterdam (Westlandgracht),"€3,325 per month",91 m²,4 rooms,Upholstered
Flat Bottelarijstraat,1019 VC Amsterdam (Oostelijk Havengebied),"€4,000 per month",132 m²,3 rooms,Furnished
Flat Sportstraat,1076 TP Amsterdam (Stadionbuurt),"€2,375 per month",50 m²,2 rooms,Furnished
Flat Valeriusstraat,1075 ET Amsterdam (Willemspark),"€4,250 per month",120 m²,4 rooms,Upholstered
Flat Amstelkade 186,1078 BB Amsterdam (Scheldebuurt),"€2,995 per month",100 m²,3 rooms,Furnished
Flat IJburglaan,1087 BS Amsterdam (IJburg-West),"€2,300 per month",49 m²,1 room,Furnished
Flat President Allendelaan,1068 VM Amsterdam (Osdorp-Oost),"€3,200 per month",95 m²,4 rooms,Upholstered
Flat H. Diesveldsingel,1060 RL Amsterdam (De Aker),"€2,250 per month",80 m²,3 rooms,Upholstered
Flat Bestevâerstraat,1056 HN Amsterdam (Geuzenbuurt),"€3,900 per month",135 m²,5 rooms,Furnished
Flat Van Baerlestraat,1071 BD Amsterdam (Museumkwartier),"€2,800 per month",71 m²,3 rooms,Upholstered
Flat Reguliersgracht,1017 LS Amsterdam (Grachtengordel-Zuid),"€4,500 per month",130 m²,4 rooms,
Flat Osdorpplein 936,1068 TD Amsterdam (Osdorp-Oost),"€1,550 per month",47 m²,2 rooms,
Flat Churchill-laan,1078 EX Amsterdam (Scheldebuurt),"€2,650 per month",87 m²,4 rooms,
Flat Banstraat 55 2,1071 JX Amsterdam (Museumkwartier),"€2,600 per month",75 m²,2 rooms,Furnished
Studio Gustav Mahlerlaan,1082 MK Amsterdam (Zuidas),"€1,750 per month",40 m²,1 room,
Flat Tweede Helmersstraat 81 1,1054 CE Amsterdam (Helmersbuurt),"€2,750 per month",65 m²,3 rooms,Furnished
Flat Pieter Cornelisz. Hooftstraat,1071 BS Amsterdam (Museumkwartier),"€2,800 per month",75 m²,3 rooms,
Flat Warmondstraat,1058 KV Amsterdam (Hoofddorppleinbuurt),"€2,850 per month",90 m²,3 rooms,Furnished
Flat Carolina MacGillavrylaan 304,1098 XB Amsterdam (Middenmeer),"€1,495 per month",74 m²,3 rooms,
Flat Zeeburgerdijk,1094 AG Amsterdam (Indische Buurt-West),"€2,900 per month",104 m²,4 rooms,Furnished
Flat Van Tuyll van Serooskerkenweg 29 H,1076 JB Amsterdam (Stadionbuurt),"€3,500 per month",86 m²,3 rooms,Furnished
Flat Singel,1012 VH Amsterdam (Burgwallen-Nieuwe Zijde),"€3,400 per month",130 m²,4 rooms,Upholstered
Flat Maasstraat 99 2,1078 HG Amsterdam (Scheldebuurt),"€3,000 per month",85 m²,3 rooms,Furnished
Flat Marnixstraat,1016 XX Amsterdam (Jordaan),"€2,575 per month",63 m²,3 rooms,Upholstered
Flat Keizersgracht 61 B,1015 CE Amsterdam (Grachtengordel-West),"€3,500 per month",85 m²,2 rooms,Furnished
Flat Bijlmerdreef,1102 AC Amsterdam (Amsterdamse Poort e.o.),"€8,000 per month",144 m²,7 rooms,Furnished
Flat Dapperstraat,1093 BW Amsterdam (Dapperbuurt),"€2,150 per month",57 m²,2 rooms,Upholstered
Flat Lauriergracht 37 G,1016 RG Amsterdam (Jordaan),"€6,500 per month",186 m²,3 rooms,
Flat Biesboschstraat 28 H,1078 MT Amsterdam (Scheldebuurt),"€3,500 per month",88 m²,3 rooms,Upholstered
Flat Keizersgracht 138 F,1015 CW Amsterdam (Grachtengordel-West),"€3,650 per month",115 m²,4 rooms,
Flat Admiralengracht,1057 GE Amsterdam (Chassébuurt),"€2,500 per month",91 m²,3 rooms,Upholstered or furnished
Flat Oudeschans 68 D,1011 LD Amsterdam (Nieuwmarkt/Lastage),"€1,950 per month",73 m²,2 rooms,
Flat Willem Baerdesenstraat,1067 XX Amsterdam (Geuzenveld),"€4,000 per month",85 m²,5 rooms,Furnished
Flat Aalbersestraat 110,1067 GH Amsterdam (Geuzenveld),"€1,650 per month",63 m²,4 rooms,Upholstered
Flat Sint Willibrordusstraat 107 A,1073 VB Amsterdam (Nieuwe Pijp),"€3,400 per month",100 m²,4 rooms,Upholstered or furnished
Flat Rubensstraat,1077 MK Amsterdam (Apollobuurt),"€5,500 per month",132 m²,4 rooms,Upholstered
Flat Nieuwe Spiegelstraat 48,1017 DG Amsterdam (Grachtengordel-Zuid),"€2,750 per month",70 m²,3 rooms,Furnished
Flat Jacob van Lennepstraat,1053 HC Amsterdam (Van Lennepbuurt),"€3,000 per month",112 m²,3 rooms,Upholstered
Flat Mr. P.N. Arntzeniusweg 51,1098 GL Amsterdam (Middenmeer),"€2,550 per month",94 m²,4 rooms,
Flat Pascalstraat 4 1,1098 PB Amsterdam (Middenmeer),"€2,650 per month",95 m²,4 rooms,Upholstered
Flat Eef Kamerbeekstraat,1095 MP Amsterdam (Zeeburgereiland/Bovendiep),"€2,450 per month",85 m²,3 rooms,Furnished
Flat Rozenstraat,1016 NN Amsterdam (Jordaan),"€3,750 per month",73 m²,3 rooms,Furnished
Flat Runstraat 15 B,1016 GJ Amsterdam (Grachtengordel-West),"€2,975 per month",85 m²,2 rooms,Furnished
Flat Hoofdweg,1057 DK Amsterdam (Hoofdweg e.o.),"€1,950 per month",54 m²,2 rooms,Furnished
Flat Kruysweerstraat,1096 GN Amsterdam (Omval/Overamstel),"€3,250 per month",96 m²,3 rooms,Furnished
Flat Nieuwe Herengracht,1011 SK Amsterdam (Nieuwmarkt/Lastage),"€2,950 per month",80 m²,4 rooms,Upholstered
Flat Elzenhagensingel 300,1022 LA Amsterdam (Elzenhagen),"€2,629 per month",83 m²,4 rooms,Upholstered
Flat Elzenhagensingel 152,1022 LA Amsterdam (Elzenhagen),"€1,973 per month",68 m²,2 rooms,Upholstered
Flat Elzenhagensingel 176,1022 LA Amsterdam (Elzenhagen),"€1,678 per month",50 m²,2 rooms,Upholstered
Flat De Wittenkade,1051 AM Amsterdam (Staatsliedenbuurt),"€2,500 per month",71 m²,3 rooms,
Flat Pieter Aertszstraat 115 2,1074 VP Amsterdam (Nieuwe Pijp),"€2,100 per month",43 m²,3 rooms,Upholstered
Flat Bloemstraat,1016 LB Amsterdam (Jordaan),"€2,800 per month",68 m²,3 rooms,Furnished
Flat Ruysdaelstraat,1071 XE Amsterdam (Museumkwartier),"€3,500 per month",130 m²,4 rooms,Upholstered
Flat Keizersgracht,1015 CD Amsterdam (Grachtengordel-West),"€2,950 per month",77 m²,2 rooms,Furnished
Flat Marnixstraat,1016 XX Amsterdam (Jordaan),"€2,575 per month",63 m²,3 rooms,Upholstered
Flat Maasstraat 99 2,1078 HG Amsterdam (Scheldebuurt),"€3,000 per month",85 m²,3 rooms,Furnished
Flat Nieuwe Herengracht 129 H,1011 SE Amsterdam (Nieuwmarkt/Lastage),"€2,950 per month",79 m²,3 rooms,
Flat Willem Parelstraat 408,1018 KZ Amsterdam (Oostelijke Eilanden/Kadijken),"€1,975 per month",61 m²,2 rooms,Upholstered
Flat Vechtstraat 7 D,1078 RE Amsterdam (IJselbuurt),"€2,695 per month",78 m²,3 rooms,Upholstered
Flat ms. van Riemsdijkweg 56,1033 RD Amsterdam (Noordelijke IJ-oevers-West),"€1,900 per month",50 m²,2 rooms,Upholstered
Flat Oostenburgermiddenstraat 72,1018 LC Amsterdam (Oostelijke Eilanden/Kadijken),"€2,250 per month",75 m²,3 rooms,Upholstered
Flat Nieuwezijds Voorburgwal,1012 RK Amsterdam (Burgwallen-Nieuwe Zijde),"€3,625 per month",94 m²,3 rooms,Furnished
Flat Van Oldenbarneveldtstraat,1052 KG Amsterdam (Frederik Hendrikbuurt),"€3,999 per month",110 m²,4 rooms,Upholstered
Flat Keizersgracht,1017 EE Amsterdam (Grachtengordel-Zuid),"€3,500 per month",70 m²,2 rooms,Upholstered or furnished
Flat Wijnand Nuijenstraat,1061 WB Amsterdam (Overtoomse Veld),"€2,525 per month",77 m²,3 rooms,Furnished
Flat Sausalitolaan,1031 KE Amsterdam (Noordelijke IJ-oevers-West),"€2,500 per month",67 m²,2 rooms,Upholstered
Flat Arent Janszoon Ernststraat 863 D,1082 LN Amsterdam (Buitenveldert-West),"€2,980 per month",76 m²,3 rooms,Upholstered
Flat Binnen Brouwersstraat,1013 EE Amsterdam (Haarlemmerbuurt),"€2,800 per month",82 m²,3 rooms,Upholstered
Flat Cruquiusweg,1019 AG Amsterdam (Oostelijk Havengebied),"€3,000 per month",75 m²,2 rooms,Furnished
Flat Amstelkade 25 B,1078 AD Amsterdam (IJselbuurt),"€2,595 per month",64 m²,3 rooms,Upholstered
Flat Bundlaan 236,1031 KA Amsterdam (Noordelijke IJ-oevers-West),"€2,800 per month",80 m²,3 rooms,Upholstered or furnished
Flat Nieuwezijds Voorburgwal,1012 RD Amsterdam (Burgwallen-Nieuwe Zijde),"€2,350 per month",80 m²,2 rooms,Furnished
Flat Groetstraat 201,1024 VE Amsterdam (Waterlandpleinbuurt),"€2,750 per month",80 m²,4 rooms,Upholstered or furnished
Flat Govert Flinckstraat,1072 EP Amsterdam (Oude Pijp),"€3,000 per month",108 m²,3 rooms,Upholstered
Flat Carolina MacGillavrylaan,1098 XB Amsterdam (Middenmeer),"€2,425 per month",66 m²,2 rooms,Upholstered
Flat Lijnbaansgracht 265 3,1017 RL Amsterdam (De Weteringschans),"€2,500 per month",105 m²,3 rooms,Upholstered or furnished
Flat Ton de Leeuwstraat 18,1011 DE Amsterdam (Nieuwmarkt/Lastage),"€7,500 per month",158 m²,4 rooms,Upholstered or furnished
Flat IJburglaan,1087 BS Amsterdam (IJburg-West),"€2,450 per month",63 m²,3 rooms,Furnished
Flat Rooseveltlaan,1078 NX Amsterdam (Scheldebuurt),"€4,100 per month",120 m²,4 rooms,Furnished
Flat Stadhouderskade,1072 AA Amsterdam (Oude Pijp),"€7,500 per month",140 m²,3 rooms,Furnished
Flat Minervaplein,1077 TP Amsterdam (Apollobuurt),"€2,950 per month",110 m²,3 rooms,Upholstered
Flat Lijnbaansgracht,1016 VX Amsterdam (Jordaan),"€4,000 per month",150 m²,3 rooms,Furnished
Flat Churchill-laan,1078 GA Amsterdam (Scheldebuurt),"€2,900 per month",85 m²,4 rooms,Upholstered
Flat Ruysdaelstraat,1071 WX Amsterdam (Museumkwartier),"€2,600 per month",70 m²,4 rooms,Upholstered
Flat Purperhoedenveem 80,1019 HM Amsterdam (Oostelijk Havengebied),"€3,285 per month",153 m²,4 rooms,Upholstered
Flat Pieter van der Werfstraat,1067 EM Amsterdam (Geuzenveld),"€2,490 per month",86 m²,3 rooms,Furnished
Flat Karel Klinkenbergstraat 1 M,1061 AH Amsterdam (Overtoomse Veld),"€2,650 per month",76 m²,3 rooms,Furnished
Flat Marnixstraat,1016 XX Amsterdam (Jordaan),"€2,575 per month",63 m²,3 rooms,Upholstered
House Wallestein,1081 BC Amsterdam (Buitenveldert-West),"€6,500 per month",250 m²,7 rooms,Furnished
Flat Tweede Hugo de Grootstraat 28 G,1052 LD Amsterdam (Frederik Hendrikbuurt),"€2,750 per month",60 m²,3 rooms,Furnished
Flat Karel Klinkenbergstraat 1 M,1061 AH Amsterdam (Overtoomse Veld),"€2,650 per month",76 m²,3 rooms,Furnished
Flat John Blankensteinstraat 139 D,1095 MB Amsterdam (Zeeburgereiland/Bovendiep),"€1,600 per month",36 m²,1 room,Upholstered
Flat Berenstraat,1016 GH Amsterdam (Grachtengordel-West),"€2,500 per month",60 m²,3 rooms,
Flat Frans van Mierisstraat 69 2,1071 RL Amsterdam (Museumkwartier),"€5,850 per month",169 m²,6 rooms,Upholstered
Flat Blankenstraat,1018 RX Amsterdam (Oostelijke Eilanden/Kadijken),"€2,600 per month",59 m²,3 rooms,Shell
Flat Aalsmeerweg,1059 AE Amsterdam (Hoofddorppleinbuurt),"€2,495 per month",75 m²,3 rooms,Upholstered
Flat Krijn Taconiskade,1087 HW Amsterdam (IJburg-Zuid),"€3,450 per month",74 m²,3 rooms,Upholstered or furnished
Flat Surinameplein 24 H,1058 GP Amsterdam (Westindische Buurt),"€2,749 per month",68 m²,4 rooms,Upholstered
Flat Ottho Heldringstraat,1066 AZ Amsterdam (Slotervaart-Zuid),"€2,750 per month",104 m²,3 rooms,Furnished
House Fraunhoferstraat,1098 LS Amsterdam (Middenmeer),"€2,799 per month",107 m²,4 rooms,Furnished
Flat Amstelveenseweg 920 C,1081 JN Amsterdam (Buitenveldert-West),"€2,750 per month",76 m²,3 rooms,Upholstered or furnished
House Tegelarijpad,1107 SH Amsterdam (Reigersbos),"€2,500 per month",105 m²,5 rooms,
Flat Waalstraat 127 2,1079 DV Amsterdam (Rijnbuurt),"€2,500 per month",65 m²,3 rooms,Furnished
Flat Van Baerlestraat,1071 AM Amsterdam (Museumkwartier),"€5,950 per month",187 m²,4 rooms,Upholstered
Flat Borssenburgplein,1078 TZ Amsterdam (IJselbuurt),"€4,000 per month",160 m²,4 rooms,Furnished
Flat Marnixstraat,1015 VD Amsterdam (Jordaan),"€4,300 per month",133 m²,4 rooms,Furnished
Flat Slotermeerlaan 18 A,1064 HB Amsterdam (Slotermeer-Zuidoost),"€2,600 per month",132 m²,3 rooms,Furnished
Flat Okeghemstraat,1075 PJ Amsterdam (Willemspark),"€2,950 per month",65 m²,2 rooms,Upholstered
Flat Oudezijds Voorburgwal,1012 EH Amsterdam (Burgwallen-Oude Zijde),"€2,395 per month",85 m²,2 rooms,Furnished
Flat Narva-eiland,1014 ZJ Amsterdam (Houthavens),"€3,250 per month",125 m²,4 rooms,Upholstered
Flat Van Alphenstraat,1053 WE Amsterdam (Bellamybuurt),"€2,950 per month",60 m²,3 rooms,
Flat Schinkelkade,1075 VK Amsterdam (Schinkelbuurt),"€2,450 per month",50 m²,2 rooms,Furnished
Flat Korte Prinsengracht,1013 GR Amsterdam (Haarlemmerbuurt),"€2,500 per month",60 m²,2 rooms,
Flat Barajasweg,1043 CP Amsterdam (Sloterdijk Nieuw-West),"€2,300 per month",75 m²,2 rooms,Upholstered
Flat Gustav Mahlerlaan 529 D,1082 MK Amsterdam (Zuidas),"€7,000 per month",123 m²,3 rooms,
Flat Gustav Mahlerplein 249,1082 MS Amsterdam (Zuidas),"€6,950 per month",155 m²,4 rooms,
Flat Haparandaweg,1013 BD Amsterdam (Houthavens),"€4,450 per month",166 m²,5 rooms,Furnished
Flat Prinsengracht 485 C,1016 HP Amsterdam (Grachtengordel-West),"€4,200 per month",117 m²,4 rooms,Furnished
Flat Marnixstraat,1016 XX Amsterdam (Jordaan),"€2,575 per month",63 m²,3 rooms,Upholstered
Flat Karel Klinkenbergstraat 1 M,1061 AH Amsterdam (Overtoomse Veld),"€2,650 per month",76 m²,3 rooms,Furnished
Flat Ladogameerhof 258,1060 RG Amsterdam (De Aker),"€2,000 per month",92 m²,3 rooms,Furnished
Flat Lucellestraat 11 2,1055 HS Amsterdam (Landlust),"€2,250 per month",60 m²,3 rooms,Upholstered
Flat Langswater,1069 TR Amsterdam (De Punt),"€3,100 per month",70 m²,4 rooms,Upholstered
Flat Tweede Helmersstraat 81 3,1054 CE Amsterdam (Helmersbuurt),"€3,500 per month",110 m²,4 rooms,Upholstered
Flat Bijlmerplein 858 H 5,1102 ME Amsterdam (Amsterdamse Poort e.o.),"€2,100 per month",78 m²,3 rooms,Upholstered
Flat Beethovenstraat 73 C,1077 HP Amsterdam (Apollobuurt),"€3,250 per month",110 m²,4 rooms,
Flat Kwintsheulstraat,1062 ED Amsterdam (Westlandgracht),"€2,795 per month",95 m²,3 rooms,Furnished
Flat Ecuplein,1060 RN Amsterdam (De Aker),"€2,450 per month",90 m²,3 rooms,Upholstered
Flat Rooseveltlaan 45 3,1079 AC Amsterdam (Scheldebuurt),"€3,000 per month",110 m²,4 rooms,Upholstered
Flat Eerste Sweelinckstraat 9 3,1073 CK Amsterdam (Oude Pijp),"€3,750 per month",115 m²,3 rooms,Furnished
Flat Zoutsteeg 16,1012 LX Amsterdam (Burgwallen-Nieuwe Zijde),"€2,650 per month",90 m²,4 rooms,
Flat Nassaukade 307 2,1053 LP Amsterdam (Da Costabuurt),"€2,750 per month",78 m²,3 rooms,
Flat Middenweg,1097 VB Amsterdam (Betondorp),"€1,850 per month",48 m²,3 rooms,Furnished
House Kerstomaatplantsoen,1104 VE Amsterdam (K-buurt),"€2,200 per month",107 m²,4 rooms,Upholstered
Flat Watteaustraat 29 1,1077 ZK Amsterdam (Apollobuurt),"€3,250 per month",113 m²,3 rooms,Upholstered
Flat Rijnstraat,1079 HH Amsterdam (Rijnbuurt),"€2,495 per month",65 m²,3 rooms,
Flat Merwedeplein,1078 NG Amsterdam (Scheldebuurt),"€2,900 per month",84 m²,4 rooms,
Flat Derde Helmersstraat,1054 BH Amsterdam (Helmersbuurt),"€2,950 per month",45 m²,2 rooms,Furnished
Flat Derde Helmersstraat,1054 BH Amsterdam (Helmersbuurt),"€3,400 per month",60 m²,3 rooms,Furnished
Studio Dennenrodepad,1102 MV Amsterdam (Amsterdamse Poort e.o.),€679 per month,23 m²,1 room,Shell
Flat Cruquiusweg,1019 AG Amsterdam (Oostelijk Havengebied),"€2,725 per month",81 m²,3 rooms,Upholstered
Flat Leimuidenstraat 45 1,1059 EG Amsterdam (Hoofddorppleinbuurt),"€2,650 per month",51 m²,3 rooms,
Flat Cruquiusweg 101 D,1019 AG Amsterdam (Oostelijk Havengebied),"€2,950 per month",103 m²,4 rooms,Furnished
Flat Weteringschans 213 E,1017 XG Amsterdam (De Weteringschans),"€4,250 per month",130 m²,4 rooms,Upholstered
Flat Radarweg,1043 NV Amsterdam (Sloterdijk Nieuw-West),"€2,500 per month",70 m²,3 rooms,Upholstered
Flat Lia Doranastraat 17,1031 HK Amsterdam (Noordelijke IJ-oevers-West),"€2,025 per month",86 m²,3 rooms,
Flat Koningin Wilhelminaplein,1062 KS Amsterdam (Westlandgracht),"€1,886 per month",90 m²,3 rooms,
Flat Zocherstraat 1 1,1054 LP Amsterdam (Overtoomse Sluis),"€3,500 per month",93 m²,3 rooms,Upholstered
Flat Sportstraat 18 A 2,1076 TW Amsterdam (Stadionbuurt),"€2,300 per month",55 m²,2 rooms,Furnished
Flat Jan van Galenstraat 138 E,1056 CG Amsterdam (Landlust),"€1,890 per month",97 m²,3 rooms,
Flat Marnixstraat,1016 XX Amsterdam (Jordaan),"€2,575 per month",63 m²,3 rooms,Upholstered
Flat Maasstraat 99 2,1078 HG Amsterdam (Scheldebuurt),"€3,000 per month",85 m²,3 rooms,Furnished
Flat Prinsengracht,1016 HK Amsterdam (Grachtengordel-West),"€3,000 per month",86 m²,3 rooms,Upholstered
Flat C. van Eesterenlaan 372,1019 KE Amsterdam (Oostelijk Havengebied),"€2,800 per month",92 m²,3 rooms,Upholstered or furnished
Flat Spuistraat,1012 VP Amsterdam (Burgwallen-Nieuwe Zijde),"€2,550 per month",65 m²,3 rooms,Furnished
Flat Grasweg,1031 HX Amsterdam (Noordelijke IJ-oevers-West),"€2,695 per month",88 m²,3 rooms,Upholstered
Flat Postjesweg,1062 JN Amsterdam (Overtoomse Veld),"€1,185 per month",43 m²,2 rooms,Furnished
Flat Buikslotermeerplein,1025 XL Amsterdam (Buikslotermeer),"€1,125 per month",52 m²,2 rooms,
Flat Prins Hendrikkade,1012 TK Amsterdam (Burgwallen-Nieuwe Zijde),"€2,700 per month",79 m²,3 rooms,Furnished
Flat Hemonystraat,1074 BL Amsterdam (Oude Pijp),"€2,695 per month",75 m²,3 rooms,Furnished
Flat Mechelensingel,1066 PA Amsterdam (Sloten/Nieuw-Sloten),"€2,700 per month",108 m²,4 rooms,Furnished
Flat Bercylaan 517,1031 KP Amsterdam (Noordelijke IJ-oevers-West),"€2,470 per month",80 m²,3 rooms,
Flat Hoofdweg 230 2,1057 DG Amsterdam (Hoofdweg e.o.),"€2,100 per month",58 m²,3 rooms,Upholstered
Flat Nickeriestraat 46 1,1058 VZ Amsterdam (Westindische Buurt),"€2,450 per month",50 m²,3 rooms,Upholstered
Flat Leidsekade,1017 PM Amsterdam (De Weteringschans),"€2,975 per month",80 m²,2 rooms,Upholstered
Flat Nassaukade 37 H,1052 CL Amsterdam (Staatsliedenbuurt),"€2,550 per month",84 m²,2 rooms,Upholstered
Flat Eurokade 37 C,1060 RZ Amsterdam (De Aker),"€2,100 per month",57 m²,3 rooms,Furnished
Flat Eurokade 37 B,1060 RZ Amsterdam (De Aker),"€2,250 per month",67 m²,4 rooms,Furnished
Flat Haarlemmerweg,1014 BL Amsterdam (Sloterdijk-West),"€1,925 per month",64 m²,3 rooms,
Flat Piet Gijzenbrugstraat,1059 XE Amsterdam (Hoofddorppleinbuurt),"€3,000 per month",76 m²,3 rooms,Furnished
Flat Lutonhof,1043 EG Amsterdam (Sloterdijk Nieuw-West),"€2,350 per month",70 m²,3 rooms,Furnished
Flat Bijlmerdreef 258,1102 AB Amsterdam (Amsterdamse Poort e.o.),"€2,300 per month",90 m²,3 rooms,Upholstered
Flat Hugo de Grootkade,1052 LW Amsterdam (Frederik Hendrikbuurt),"€2,900 per month",72 m²,3 rooms,Upholstered or furnished
Flat Holendrechtstraat,1078 TT Amsterdam (IJselbuurt),Price on request,71 m²,4 rooms,Furnished
Flat Van Baerlestraat,1071 AM Amsterdam (Museumkwartier),"€3,250 per month",81 m²,3 rooms,Furnished
Flat Van Eeghenstraat,1071 GJ Amsterdam (Museumkwartier),"€3,350 per month",78 m²,3 rooms,Upholstered
Flat Mendelhof,1098 TN Amsterdam (Middenmeer),"€2,800 per month",95 m²,4 rooms,Furnished
Flat Dintelstraat,1078 VS Amsterdam (Scheldebuurt),"€2,990 per month",73 m²,3 rooms,Furnished
Flat Ter Hooge 1 3,1082 CJ Amsterdam (Buitenveldert-West),"€1,154 per month",79 m²,4 rooms,Furnished
Flat Boomstraat 13 A,1015 LA Amsterdam (Jordaan),"€3,500 per month",90 m²,3 rooms,Furnished
Flat Zaanstraat,1013 SC Amsterdam (Spaarndammerbuurt/Zeeheldenbuurt),"€1,995 per month",87 m²,3 rooms,
Flat Vinkenstraat,1013 JM Amsterdam (Haarlemmerbuurt),"€2,725 per month",57 m²,3 rooms,Upholstered
Flat Marnixstraat,1016 XX Amsterdam (Jordaan),"€2,575 per month",63 m²,3 rooms,Upholstered
Flat Karel Klinkenbergstraat 1 M,1061 AH Amsterdam (Overtoomse Veld),"€2,650 per month",76 m²,3 rooms,Furnished
Flat Vijzelgracht,1017 HN Amsterdam (De Weteringschans),"€4,250 per month",135 m²,5 rooms,Furnished
House Alhambralaan,1064 NW Amsterdam (Slotervaart-Noord),"€2,750 per month",110 m²,5 rooms,Upholstered
Flat Balistraat 113 1,1094 JH Amsterdam (Indische Buurt-West),"€2,100 per month",46 m²,2 rooms,Upholstered or furnished
Flat Looiersgracht,1016 VT Amsterdam (Jordaan),"€4,100 per month",125 m²,3 rooms,Furnished
Flat Staringplein,1054 VK Amsterdam (Overtoomse Sluis),"€2,500 per month",64 m²,3 rooms,Upholstered
Flat Rustenburgerstraat,1072 HH Amsterdam (Nieuwe Pijp),"€3,250 per month",65 m²,3 rooms,Furnished
Flat Bessemerstraat,1097 AM Amsterdam (Frankendael),"€2,250 per month",49 m²,2 rooms,Furnished
Flat Marnixstraat,1016 XV Amsterdam (Jordaan),"€2,800 per month",96 m²,2 rooms,Upholstered
Flat Westerdok,1013 BH Amsterdam (Haarlemmerbuurt),"€2,250 per month",58 m²,2 rooms,Furnished
Flat Brouwersgracht,1013 HB Amsterdam (Haarlemmerbuurt),"€2,400 per month",60 m²,2 rooms,Furnished
Flat Oostelijke Handelskade,1019 DN Amsterdam (Oostelijk Havengebied),"€3,150 per month",100 m²,3 rooms,Furnished
Flat Keizersgracht 590 D,1017 EN Amsterdam (Grachtengordel-Zuid),"€3,800 per month",103 m²,2 rooms,Furnished
Flat Raamstraat,1016 XL Amsterdam (Jordaan),"€2,950 per month",62 m²,3 rooms,
Flat Willem de Zwijgerlaan,1055 PV Amsterdam (Landlust),"€2,850 per month",138 m²,4 rooms,Furnished
House Krasseurstraat,1033 DJ Amsterdam (Tuindorp Oostzaan),"€2,500 per month",122 m²,5 rooms,Furnished
Flat Oosterpark 39 C,1092 AL Amsterdam (Oosterparkbuurt),"€3,000 per month",70 m²,3 rooms,Furnished
Flat Pieter Cornelisz. Hooftstraat,1071 CG Amsterdam (Museumkwartier),"€4,250 per month",75 m²,3 rooms,Furnished
Flat Bilderdijkstraat,1053 KL Amsterdam (Da Costabuurt),"€2,750 per month",72 m²,3 rooms,Upholstered
Flat Ferdinant Spitstraat 79,1069 KB Amsterdam (Osdorp-Midden),"€2,850 per month",135 m²,5 rooms,Upholstered
Flat John Blankensteinstraat,1095 MB Amsterdam (Zeeburgereiland/Bovendiep),"€3,000 per month",122 m²,4 rooms,Furnished
Flat Savelsbos,1025 BE Amsterdam (Buikslotermeer),"€2,145 per month",77 m²,4 rooms,Furnished
Flat Oostenburgervoorstraat,1018 MR Amsterdam (Oostelijke Eilanden/Kadijken),"€2,500 per month",65 m²,2 rooms,Upholstered
Flat Amerbos,1025 ZW Amsterdam (Buikslotermeer),"€2,000 per month",80 m²,3 rooms,Upholstered
Flat Grasweg 360,1031 HX Amsterdam (Noordelijke IJ-oevers-West),"€1,850 per month",38 m²,1 room,Furnished
Flat Jan Pieter Heijestraat,1053 GM Amsterdam (Van Lennepbuurt),"€2,450 per month",58 m²,3 rooms,Furnished
Flat Van der Palmkade 114,1051 RH Amsterdam (Staatsliedenbuurt),"€2,800 per month",102 m²,3 rooms,Upholstered or furnished
House Raamgracht,1011 KH Amsterdam (Nieuwmarkt/Lastage),"€9,910 per month",250 m²,5 rooms,Shell
Flat Van Spilbergenstraat 130 3,1057 RN Amsterdam (Hoofdweg e.o.),"€2,325 per month",50 m²,3 rooms,Upholstered
Flat Joos Banckersplantsoen,1056 LC Amsterdam (Landlust),"€3,100 per month",102 m²,4 rooms,Furnished
Flat Kanaalstraat,1054 XC Amsterdam (Overtoomse Sluis),"€3,500 per month",130 m²,3 rooms,Upholstered
Flat Marnixstraat,1016 XX Amsterdam (Jordaan),"€2,575 per month",63 m²,3 rooms,Upholstered
Flat Karel Klinkenbergstraat 1 M,1061 AH Amsterdam (Overtoomse Veld),"€2,650 per month",76 m²,3 rooms,Furnished
Flat Ben van Meerendonkstraat,1087 LE Amsterdam (IJburg-Zuid),"€3,000 per month",110 m²,4 rooms,Furnished
Flat Haarlemmerweg,1014 BL Amsterdam (Sloterdijk-West),"€2,450 per month",64 m²,3 rooms,
Flat Carolina MacGillavrylaan,1098 XB Amsterdam (Middenmeer),"€2,400 per month",70 m²,2 rooms,Furnished
Flat Leidsekade,1016 CW Amsterdam (Jordaan),"€2,950 per month",90 m²,3 rooms,Upholstered
Flat Schierstins,1082 TJ Amsterdam (Buitenveldert-West),"€2,350 per month",63 m²,3 rooms,Furnished
Flat Nieuwmarkt,1012 CR Amsterdam (Burgwallen-Oude Zijde),"€2,750 per month",48 m²,3 rooms,Upholstered or furnished
House Van Boshuizenstraat,1082 AR Amsterdam (Buitenveldert-Oost),"€4,915 per month",173 m²,6 rooms,Upholstered
Flat De Lairessestraat 90 3R,1071 PJ Amsterdam (Museumkwartier),"€12,000 per month",208 m²,5 rooms,Furnished
Flat Van Spilbergenstraat 120 H,1057 RN Amsterdam (Hoofdweg e.o.),"€2,295 per month",50 m²,3 rooms,Upholstered
Flat Stadionkade 131 3,1076 BS Amsterdam (Stadionbuurt),"€2,195 per month",70 m²,3 rooms,Shell
Flat Van Boshuizenstraat 399,1082 AP Amsterdam (Buitenveldert-Oost),"€2,585 per month",67 m²,3 rooms,Furnished
Flat Ophemerthof,1106 VT Amsterdam (Holendrecht),"€2,200 per month",84 m²,4 rooms,Upholstered
Room Cornelis van Alkemadestraat,1065 AA Amsterdam (Slotervaart-Noord),"€1,453 per month",30 m²,1 room,Furnished
Flat Krommertstraat,1056 TS Amsterdam (Geuzenbuurt),"€2,100 per month",33 m²,2 rooms,Upholstered
Flat Glitterstraat,1103 SK Amsterdam (Geerdinkhof/Kantershof),"€2,250 per month",95 m²,3 rooms,Furnished
Flat Van Spilbergenstraat,1057 RC Amsterdam (Hoofdweg e.o.),"€2,750 per month",49 m²,4 rooms,Upholstered
Flat Barbusselaan,1102 TZ Amsterdam (Venserpolder),"€2,368 per month",79 m²,4 rooms,Furnished
House Vossiusstraat 55,1071 AK Amsterdam (Museumkwartier),"€20,000 per month",425 m²,9 rooms,
Flat Da Costakade,1053 WL Amsterdam (Da Costabuurt),"€3,700 per month",96 m²,4 rooms,Upholstered
Flat Werkhovenstraat,1107 KD Amsterdam (Gein),"€2,550 per month",107 m²,5 rooms,Furnished
Flat Curaçaostraat,1058 CA Amsterdam (Westindische Buurt),"€3,250 per month",107 m²,5 rooms,
Flat Bloemgracht,1015 TH Amsterdam (Jordaan),"€3,100 per month",75 m²,3 rooms,Furnished
Flat Kaasjeskruidstraat,1032 LS Amsterdam (Noordelijke IJ-oevers-West),"€2,450 per month",56 m²,2 rooms,Furnished
Flat Beethovenstraat,1077 HK Amsterdam (Apollobuurt),"€4,500 per month",160 m²,5 rooms,Upholstered
Flat Nieuwe Prinsengracht,1018 VR Amsterdam (Weesperbuurt/Plantage),"€4,250 per month",73 m²,3 rooms,Furnished
Flat Haarlemmerweg 277,1051 NW Amsterdam (Centrale Markt),"€3,250 per month",100 m²,5 rooms,Upholstered or furnished
Flat Van Boshuizenstraat,1082 AZ Amsterdam (Buitenveldert-West),"€2,700 per month",120 m²,4 rooms,Furnished
Flat Haringvlietstraat,1078 JX Amsterdam (Scheldebuurt),"€2,500 per month",88 m²,3 rooms,Furnished
Flat Hoendiepstraat,1079 LW Amsterdam (Rijnbuurt),"€2,850 per month",86 m²,4 rooms,
Flat Celebesstraat,1094 EM Amsterdam (Indische Buurt-West),"€2,000 per month",65 m²,2 rooms,Furnished
Flat Karel Klinkenbergstraat 1 M,1061 AH Amsterdam (Overtoomse Veld),"€2,650 per month",76 m²,3 rooms,Furnished
Flat Marnixstraat,1016 XX Amsterdam (Jordaan),"€2,575 per month",63 m²,3 rooms,Upholstered
Flat IJdoornlaan 58 H 3,1024 KV Amsterdam (Waterlandpleinbuurt),"€1,660 per month",116 m²,4 rooms,
Flat Haarlemmerweg,1014 BL Amsterdam (Sloterdijk-West),"€1,850 per month",64 m²,3 rooms,
Flat Haarlemmerweg,1014 BL Amsterdam (Sloterdijk-West),"€3,075 per month",67 m²,3 rooms,
Flat Marco Polostraat,1057 WT Amsterdam (Hoofdweg e.o.),"€2,900 per month",90 m²,3 rooms,Upholstered
House Oudeschans,1011 LD Amsterdam (Nieuwmarkt/Lastage),"€3,500 per month",100 m²,4 rooms,Furnished
Flat Van Breestraat 195 1,1071 ZN Amsterdam (Museumkwartier),"€3,600 per month",84 m²,4 rooms,Furnished
Flat Nieuwe Keizersgracht 29 3,1018 VA Amsterdam (Weesperbuurt/Plantage),"€2,950 per month",70 m²,3 rooms,
Flat Binnen Brouwersstraat,1013 EE Amsterdam (Haarlemmerbuurt),"€2,100 per month",45 m²,2 rooms,Upholstered
Flat Egelantiersstraat,1015 RA Amsterdam (Jordaan),"€7,725 per month",192 m²,4 rooms,Upholstered
Flat Kruitberghof 102,1104 BC Amsterdam (Bijlmermuseum),"€1,500 per month",53 m²,2 rooms,
Flat Kruitberghof 96,1104 BC Amsterdam (Bijlmermuseum),"€1,500 per month",53 m²,2 rooms,
Flat Nieuwe Prinsengracht,1018 VS Amsterdam (Weesperbuurt/Plantage),"€3,950 per month",123 m²,4 rooms,
Flat Willem de Zwijgerlaan 49 3,1056 JE Amsterdam (Geuzenbuurt),"€2,950 per month",93 m²,3 rooms,Upholstered
Flat Admiraal De Ruijterweg,1056 EV Amsterdam (Geuzenbuurt),"€3,900 per month",178 m²,5 rooms,Furnished
Flat Lutmastraat,1072 JM Amsterdam (Nieuwe Pijp),"€3,700 per month",88 m²,3 rooms,Furnished
Flat Kleiburg,1104 EA Amsterdam (Bijlmermuseum),"€2,450 per month",70 m²,4 rooms,Furnished
Flat Rietlandpark,1019 DS Amsterdam (Oostelijk Havengebied),"€2,500 per month",82 m²,3 rooms,Furnished
Flat Beethovenstraat,1077 JK Amsterdam (Apollobuurt),"€5,000 per month",102 m²,3 rooms,Furnished
Flat Hectorstraat 19 HS,1076 PN Amsterdam (Stadionbuurt),"€2,500 per month",75 m²,4 rooms,Furnished
Flat Osdorper Ban 27 A,1068 LD Amsterdam (Osdorp-Oost),"€1,865 per month",101 m²,3 rooms,
Flat Ceintuurbaan 372 2,1073 EL Amsterdam (Nieuwe Pijp),"€2,400 per month",61 m²,3 rooms,Furnished
Flat IJdok,1013 MM Amsterdam (Haarlemmerbuurt),"€4,950 per month",140 m²,3 rooms,Furnished
Flat Banne Buikslootlaan 113 D,1034 AB Amsterdam (Banne Buiksloot),"€2,250 per month",72 m²,3 rooms,
Flat Middenweg,1098 AD Amsterdam (Middenmeer),"€2,550 per month",75 m²,3 rooms,Upholstered
Flat Henri Polaklaan 32 3,1018 CT Amsterdam (Weesperbuurt/Plantage),"€3,750 per month",140 m²,5 rooms,Furnished
Flat Minervalaan 31 2,1077 NL Amsterdam (Apollobuurt),"€3,750 per month",128 m²,4 rooms,
Flat Carolina MacGillavrylaan 306,1098 XB Amsterdam (Middenmeer),"€1,540 per month",86 m²,3 rooms,
Flat Bellamystraat,1053 BL Amsterdam (Bellamybuurt),"€3,150 per month",72 m²,4 rooms,Upholstered
Flat Witte de Withstraat,1057 ZH Amsterdam (Chassébuurt),"€4,575 per month",162 m²,5 rooms,Upholstered
Flat Runstraat 6 2,1016 GK Amsterdam (Grachtengordel-West),"€3,000 per month",75 m²,4 rooms,Furnished
Flat Karel Klinkenbergstraat 1 M,1061 AH Amsterdam (Overtoomse Veld),"€2,650 per month",76 m²,3 rooms,Furnished
Flat Marnixstraat,1016 XX Amsterdam (Jordaan),"€2,575 per month",63 m²,3 rooms,Upholstered
Flat Elisabeth Wolffstraat,1053 TW Amsterdam (Bellamybuurt),"€2,550 per month",55 m²,3 rooms,Upholstered
Flat Overtoom,1054 JM Amsterdam (Overtoomse Sluis),"€2,950 per month",70 m²,3 rooms,Furnished
Flat Baarsjesweg,1058 AG Amsterdam (Westindische Buurt),"€2,650 per month",60 m²,3 rooms,Upholstered
Flat Marnixstraat 388 E,1017 PL Amsterdam (De Weteringschans),"€2,850 per month",61 m²,3 rooms,
Flat Pieter Cornelisz. Hooftstraat 192,1071 CH Amsterdam (Museumkwartier),"€4,750 per month",95 m²,3 rooms,Upholstered
Flat Solitudolaan,1096 DS Amsterdam (Omval/Overamstel),"€2,400 per month",56 m²,2 rooms,Furnished
Flat Koninginneweg 155 H,1075 CN Amsterdam (Willemspark),"€2,500 per month",53 m²,2 rooms,Upholstered
Flat Tweede Jan van der Heijdenstraat,1073 VG Amsterdam (Oude Pijp),"€2,500 per month",69 m²,3 rooms,Furnished
Flat Cornelis Anthoniszstraat,1071 VR Amsterdam (Museumkwartier),"€2,550 per month",51 m²,3 rooms,Upholstered
Flat Tweede Helmersstraat 11 1,1054 CA Amsterdam (Helmersbuurt),"€2,495 per month",70 m²,3 rooms,
Flat Nova Zemblastraat,1013 RK Amsterdam (Spaarndammerbuurt/Zeeheldenbuurt),"€3,350 per month",150 m²,4 rooms,Furnished
Flat Hugo de Grootkade,1052 LX Amsterdam (Frederik Hendrikbuurt),"€2,450 per month",53 m²,2 rooms,Upholstered or furnished
Flat Lutmastraat,1072 JN Amsterdam (Nieuwe Pijp),"€2,595 per month",76 m²,2 rooms,Furnished
Flat George Gershwinlaan,1082 MT Amsterdam (Zuidas),"€3,650 per month",107 m²,3 rooms,Upholstered
Flat Veemkade 530,1019 HE Amsterdam (Oostelijk Havengebied),"€2,224 per month",108 m²,2 rooms,Upholstered
Flat Korsjespoortsteeg,1015 AR Amsterdam (Grachtengordel-West),"€1,150 per month",28 m²,2 rooms,Upholstered
House Scheepsbouwweg,1033 DC Amsterdam (Tuindorp Oostzaan),"€3,275 per month",130 m²,6 rooms,Upholstered
Flat Emmastraat 15 H,1071 JA Amsterdam (Museumkwartier),"€5,500 per month",123 m²,5 rooms,Upholstered
Flat Amstelveenseweg,1075 XR Amsterdam (Schinkelbuurt),"€3,000 per month",92 m²,3 rooms,Furnished
Flat Johan Hofmanstraat,1069 KD Amsterdam (Osdorp-Midden),"€3,000 per month",98 m²,4 rooms,Upholstered
Flat Valeriusstraat,1075 ER Amsterdam (Willemspark),"€3,300 per month",79 m²,3 rooms,Furnished
Flat Pieter Calandlaan,1069 SC Amsterdam (Osdorp-Midden),"€2,500 per month",81 m²,2 rooms,Furnished
Flat Kortenaerstraat,1057 JM Amsterdam (Chassébuurt),"€3,000 per month",113 m²,3 rooms,Furnished
Flat Tweede Jan Steenstraat,1074 CK Amsterdam (Oude Pijp),"€6,500 per month",159 m²,4 rooms,Upholstered
Flat Stadionweg,1077 SM Amsterdam (Apollobuurt),"€3,250 per month",85 m²,3 rooms,Furnished
Flat Admiraal De Ruijterweg,1055 MJ Amsterdam (Landlust),"€2,200 per month",72 m²,3 rooms,
Flat Koningin Wilhelminaplein,1062 KS Amsterdam (Westlandgracht),"€1,902 per month",96 m²,4 rooms,
Flat Amazonenstraat,1076 LJ Amsterdam (Stadionbuurt),"€4,000 per month",120 m²,5 rooms,Furnished
Flat Churchill-laan 189 4,1078 EA Amsterdam (Scheldebuurt),"€2,800 per month",88 m²,3 rooms,
Flat Anielewiczsingel,1069 NE Amsterdam (De Aker),"€2,400 per month",70 m²,3 rooms,Furnished
Flat Marnixstraat,1016 XX Amsterdam (Jordaan),"€2,575 per month",63 m²,3 rooms,Upholstered
Flat Karel Klinkenbergstraat 1 M,1061 AH Amsterdam (Overtoomse Veld),"€2,650 per month",76 m²,3 rooms,Furnished
Flat Wilhelminastraat 213 3,1054 WG Amsterdam (Overtoomse Sluis),"€2,750 per month",60 m²,3 rooms,Furnished
Flat Mensinge,1083 HC Amsterdam (Buitenveldert-Oost),"€2,600 per month",109 m²,3 rooms,Furnished
Flat Kerkstraat,1017 GA Amsterdam (Grachtengordel-Zuid),"€2,800 per month",65 m²,4 rooms,
Flat Pieter Cornelisz. Hooftstraat 113 2,1071 BR Amsterdam (Museumkwartier),"€2,500 per month",72 m²,2 rooms,Upholstered
Flat J.J. Cremerplein 4 3,1054 TK Amsterdam (Overtoomse Sluis),"€5,250 per month",163 m²,5 rooms,Furnished
Flat Distelweg,1031 HD Amsterdam (Noordelijke IJ-oevers-West),"€2,075 per month",62 m²,3 rooms,Upholstered
Flat Emmy Andriessestraat 572,1087 NE Amsterdam (IJburg-Zuid),"€2,662 per month",153 m²,4 rooms,Shell
Flat Naritaweg,1043 CB Amsterdam (Sloterdijk Nieuw-West),"€2,200 per month",74 m²,3 rooms,Upholstered
Flat Elandsstraat,1016 SG Amsterdam (Jordaan),"€2,850 per month",125 m²,3 rooms,Upholstered or furnished
Flat Ferguutstraat,1055 SZ Amsterdam (Erasmuspark),"€2,590 per month",71 m²,2 rooms,Upholstered
Flat Achillesstraat 138 3,1076 RL Amsterdam (Stadionbuurt),"€2,750 per month",90 m²,3 rooms,Upholstered
Flat Kribbestraat 26 3,1079 WS Amsterdam (Rijnbuurt),"€2,749 per month",56 m²,3 rooms,Upholstered
Flat Willem Parelstraat 358,1018 KZ Amsterdam (Oostelijke Eilanden/Kadijken),"€2,500 per month",85 m²,3 rooms,Upholstered
Flat Rubensstraat 80 3,1077 NA Amsterdam (Apollobuurt),"€3,750 per month",112 m²,3 rooms,Upholstered
Flat Holendrechtstraat,1078 TT Amsterdam (IJselbuurt),€837 per month,16 m²,1 room,Furnished
Flat John Blankensteinstraat,1095 MB Amsterdam (Zeeburgereiland/Bovendiep),"€1,500 per month",30 m²,1 room,
Flat Moreelsestraat 1 C,1071 BJ Amsterdam (Museumkwartier),"€5,000 per month",165 m²,5 rooms,Upholstered or furnished
Flat Herengracht,1015 BT Amsterdam (Grachtengordel-West),"€4,500 per month",110 m²,3 rooms,Furnished
Flat Turnhoutplantsoen,1066 NW Amsterdam (Sloten/Nieuw-Sloten),"€2,500 per month",105 m²,5 rooms,Upholstered
Flat Hectorstraat,1076 PP Amsterdam (Stadionbuurt),"€2,800 per month",75 m²,3 rooms,Furnished
Flat Jasonstraat,1076 LA Amsterdam (Stadionbuurt),"€2,450 per month",55 m²,3 rooms,Upholstered
Flat Pretoriusstraat,1092 GG Amsterdam (Transvaalbuurt),"€2,350 per month",54 m²,2 rooms,Upholstered
Flat Bijlmerplein 858 H 11,1102 ME Amsterdam (Amsterdamse Poort e.o.),"€2,400 per month",82 m²,3 rooms,Upholstered
Flat Bernard Zweerskade 20 2,1077 VA Amsterdam (Apollobuurt),"€3,400 per month",112 m²,5 rooms,Upholstered
Flat Marjoleinstraat,1034 DT Amsterdam (Banne Buiksloot),"€2,150 per month",58 m²,3 rooms,Upholstered
Flat Stadhouderskade,1054 ES Amsterdam (Vondelparkbuurt),"€5,900 per month",157 m²,5 rooms,
Flat Willem Frederik Hermansstraat 33,1011 DG Amsterdam (Nieuwmarkt/Lastage),"€2,550 per month",86 m²,3 rooms,Upholstered
Flat Pieter Aertszstraat 69 D,1073 SK Amsterdam (Nieuwe Pijp),"€2,250 per month",60 m²,3 rooms,Shell
Flat Dora Tamanaplein 83,1074 JL Amsterdam (Nieuwe Pijp),"€8,000 per month",195 m²,4 rooms,
Flat Badhuiskade 75,1031 KV Amsterdam (Noordelijke IJ-oevers-West),"€2,900 per month",87 m²,2 rooms,Upholstered
Flat Karel Klinkenbergstraat 1 M,1061 AH Amsterdam (Overtoomse Veld),"€2,650 per month",76 m²,3 rooms,Furnished
Flat Maasstraat 99 2,1078 HG Amsterdam (Scheldebuurt),"€3,000 per month",85 m²,3 rooms,Furnished
Flat Bos en Lommerplein 79,1055 AD Amsterdam (De Kolenkit),"€2,750 per month",91 m²,3 rooms,
Flat Herengracht,1016 CE Amsterdam (Grachtengordel-West),"€2,550 per month",71 m²,2 rooms,
Flat Singel,1016 AH Amsterdam (Grachtengordel-West),"€3,950 per month",110 m²,4 rooms,Furnished
Flat Sassenheimstraat,1059 BA Amsterdam (Hoofddorppleinbuurt),"€2,100 per month",53 m²,3 rooms,Upholstered
Flat Korte Ouderkerkerdijk 1 W 2,1096 AC Amsterdam (Omval/Overamstel),"€10,000 per month",196 m²,4 rooms,Upholstered
House Keizersgracht 596,1017 EP Amsterdam (Grachtengordel-Zuid),"€24,500 per month",450 m²,9 rooms,Upholstered or furnished
Flat Bercylaan 651,1031 KP Amsterdam (Noordelijke IJ-oevers-West),"€4,058 per month",151 m²,5 rooms,
Flat Moreelsestraat 1 B,1071 BJ Amsterdam (Museumkwartier),"€3,250 per month",91 m²,3 rooms,Upholstered
Flat Potgieterstraat 21 4,1053 XP Amsterdam (Da Costabuurt),"€2,400 per month",60 m²,2 rooms,Furnished
Flat Klaas Katerstraat,1069 RT Amsterdam (Osdorp-Midden),"€2,395 per month",80 m²,3 rooms,Furnished
Flat Fred. Roeskestraat 92 A 16,1076 ED Amsterdam (Zuidas),"€3,250 per month",97 m²,3 rooms,Upholstered
Flat Grasweg 460,1031 HX Amsterdam (Noordelijke IJ-oevers-West),"€5,995 per month",114 m²,4 rooms,Furnished
Flat Van Breestraat 190 H,1071 ZZ Amsterdam (Museumkwartier),"€9,000 per month",209 m²,7 rooms,Upholstered
Flat Kerkstraat 389 1,1017 HX Amsterdam (Grachtengordel-Zuid),"€2,650 per month",80 m²,3 rooms,Upholstered
Flat Hoofdweg,1058 AV Amsterdam (Westindische Buurt),"€2,300 per month",80 m²,3 rooms,Upholstered or furnished
Flat Van Suchtelen van de Haarestraat,1068 GV Amsterdam (Osdorp-Oost),"€3,000 per month",94 m²,4 rooms,Upholstered
Flat Van Rensselaerstraat,1058 XR Amsterdam (Westindische Buurt),"€3,250 per month",107 m²,3 rooms,
Flat Marnixstraat,1016 TJ Amsterdam (Jordaan),"€2,900 per month",119 m²,3 rooms,Furnished
Flat Boeroestraat,1095 VP Amsterdam (Indische Buurt-Oost),"€2,450 per month",65 m²,3 rooms,Furnished
Flat Waldenlaan,1093 NH Amsterdam (Dapperbuurt),"€3,250 per month",80 m²,3 rooms,
Flat IJburglaan,1086 XT Amsterdam (IJburg-West),"€2,500 per month",100 m²,2 rooms,Upholstered or furnished
Flat Rijnlandlaan 327,1062 MX Amsterdam (Westlandgracht),"€2,400 per month",63 m²,3 rooms,Upholstered
Flat Bloemgracht 77 A,1016 KG Amsterdam (Jordaan),"€3,750 per month",80 m²,3 rooms,Furnished
Flat Prinsengracht,1016 HP Amsterdam (Grachtengordel-West),"€5,500 per month",177 m²,3 rooms,Upholstered
Flat Derde Kostverlorenkade,1054 TN Amsterdam (Overtoomse Sluis),"€3,659 per month",75 m²,3 rooms,Furnished
Flat Weteringschans 161 T,1017 SE Amsterdam (De Weteringschans),"€2,250 per month",72 m²,2 rooms,
Flat De Lairessestraat,1071 PJ Amsterdam (Museumkwartier),"€3,950 per month",135 m²,4 rooms,Furnished
Flat Jan Luijkenstraat 70 C,1071 CS Amsterdam (Museumkwartier),"€2,750 per month",75 m²,3 rooms,Upholstered
Flat Oudezijds Voorburgwal 183 V2,1012 EW Amsterdam (Burgwallen-Oude Zijde),"€2,650 per month",85 m²,3 rooms,Furnished
Flat Oudeschans 81 B,1011 KW Amsterdam (Nieuwmarkt/Lastage),"€2,100 per month",58 m²,2 rooms,Furnished
Flat Karel Klinkenbergstraat 1 M,1061 AH Amsterdam (Overtoomse Veld),"€2,650 per month",76 m²,3 rooms,Furnished
Flat Marnixstraat,1016 XX Amsterdam (Jordaan),"€2,575 per month",63 m²,3 rooms,Upholstered
House Pieter A. van Heijningestraat,1035 SZ Amsterdam (Kadoelen),"€2,750 per month",116 m²,4 rooms,Furnished
Flat Vaartstraat 28 3,1075 RP Amsterdam (Schinkelbuurt),"€2,950 per month",95 m²,3 rooms,Furnished
Flat Gijsbrecht van Aemstelstraat 23 H,1091 TB Amsterdam (Weesperzijde),"€3,800 per month",120 m²,6 rooms,Furnished
Flat Okeghemstraat 35,1075 PL Amsterdam (Willemspark),"€4,000 per month",120 m²,4 rooms,
Flat Jan Pieter Heijestraat,1054 MG Amsterdam (Helmersbuurt),"€2,900 per month",80 m²,3 rooms,Furnished
Flat Biesboschstraat,1078 MN Amsterdam (Scheldebuurt),"€2,650 per month",76 m²,3 rooms,
Flat Van Hogendorpstraat,1051 BM Amsterdam (Staatsliedenbuurt),"€2,500 per month",65 m²,2 rooms,Upholstered or furnished
Flat Pieter Goosstraat 14,1018 LA Amsterdam (Oostelijke Eilanden/Kadijken),"€1,251 per month",43 m²,1 room,
Flat Oleanderstraat,1031 GP Amsterdam (Volewijck),"€2,799 per month",92 m²,3 rooms,Upholstered
Flat Elizabeth Cady Stantonplein 112,1102 BL Amsterdam (Amsterdamse Poort e.o.),€740 per month,27 m²,1 room,Upholstered
Flat Beethovenstraat,1077 JD Amsterdam (Prinses Irenebuurt e.o.),"€2,925 per month",72 m²,3 rooms,Upholstered
Flat Elegaststraat,1055 TH Amsterdam (Erasmuspark),"€2,100 per month",50 m²,2 rooms,Upholstered
Flat Noordzijde,1064 ME Amsterdam (Slotermeer-Zuidoost),"€2,500 per month",75 m²,3 rooms,Furnished
Flat De Kempenaerstraat,1051 CN Amsterdam (Staatsliedenbuurt),"€2,225 per month",42 m²,3 rooms,Upholstered
Flat Eerste Helmersstraat,1054 DW Amsterdam (Helmersbuurt),"€3,625 per month",125 m²,4 rooms,Upholstered
Flat Nieuwpoortstraat 94 D 14,1055 RZ Amsterdam (Landlust),"€2,750 per month",84 m²,3 rooms,Furnished
Flat Keizersgracht,1015 CL Amsterdam (Grachtengordel-West),"€3,500 per month",105 m²,2 rooms,Furnished
Flat Geelvinckssteeg,1017 BE Amsterdam (Grachtengordel-Zuid),"€2,400 per month",56 m²,3 rooms,
Flat Keizersgracht 445 A,1017 DJ Amsterdam (Grachtengordel-Zuid),"€8,500 per month",300 m²,7 rooms,
Flat Cornelis Schuytstraat,1071 JE Amsterdam (Museumkwartier),"€4,250 per month",115 m²,4 rooms,Upholstered
Flat Marnixkade,1015 XN Amsterdam (Jordaan),"€2,750 per month",95 m²,5 rooms,
House Mattenbiesstraat 125,1087 GC Amsterdam (IJburg-West),"€3,050 per month",149 m²,4 rooms,Upholstered
Flat Gustav Mahlerlaan 549 C,1082 MK Amsterdam (Zuidas),"€3,950 per month",94 m²,3 rooms,
Flat Patroclosstraat,1076 NH Amsterdam (Stadionbuurt),"€3,750 per month",103 m²,4 rooms,
Flat Johan Jongkindstraat,1062 DK Amsterdam (Overtoomse Veld),"€2,475 per month",90 m²,3 rooms,Upholstered
Flat Gerard Doustraat 67 C,1072 VL Amsterdam (Oude Pijp),"€3,000 per month",86 m²,3 rooms,Upholstered
Flat Joh.M. Coenenstraat,1071 WH Amsterdam (Museumkwartier),"€3,400 per month",100 m²,4 rooms,
House Vondelstraat 48,1054 GE Amsterdam (Vondelparkbuurt),"€10,000 per month",388 m²,8 rooms,Upholstered
Flat De Genestetstraat,1054 AW Amsterdam (Helmersbuurt),"€3,300 per month",120 m²,4 rooms,Furnished
Flat Sint Willibrordusstraat 111 E,1073 VB Amsterdam (Nieuwe Pijp),"€2,350 per month",50 m²,3 rooms,Upholstered
Flat Marnixstraat,1016 XX Amsterdam (Jordaan),"€2,575 per month",63 m²,3 rooms,Upholstered
Flat Karel Klinkenbergstraat 1 M,1061 AH Amsterdam (Overtoomse Veld),"€2,650 per month",76 m²,3 rooms,Furnished
House Tjotterspad,1081 KD Amsterdam (Buitenveldert-West),"€2,750 per month",60 m²,4 rooms,Furnished
Flat Govert Flinckstraat,1073 CH Amsterdam (Oude Pijp),"€2,950 per month",73 m²,3 rooms,Upholstered or furnished
Flat Krooswijkhof 46,1082 PA Amsterdam (Buitenveldert-Oost),"€1,950 per month",101 m²,3 rooms,Shell
Flat Haarlemmermeerstraat,1058 JW Amsterdam (Hoofddorppleinbuurt),"€2,450 per month",58 m²,3 rooms,Upholstered
House Boy Edgarstraat,1066 GR Amsterdam (Sloten/Nieuw-Sloten),"€2,600 per month",110 m²,4 rooms,Furnished
Flat Pontsteiger 139,1014 ZP Amsterdam (Houthavens),"€7,000 per month",184 m²,3 rooms,Upholstered
Flat Johannes Verhulststraat 60 2,1071 NG Amsterdam (Museumkwartier),"€2,450 per month",62 m²,3 rooms,
Flat Tugelaweg,1092 VE Amsterdam (Transvaalbuurt),"€2,750 per month",60 m²,2 rooms,
Flat Mary van der Sluisstraat,1095 ME Amsterdam (Zeeburgereiland/Bovendiep),"€2,500 per month",95 m²,3 rooms,
Flat Lijnbaansgracht,1016 VX Amsterdam (Jordaan),"€2,900 per month",79 m²,2 rooms,Furnished
Flat Eerste Jan van der Heijdenstraat 34 B,1072 TV Amsterdam (Oude Pijp),"€2,850 per month",70 m²,3 rooms,Upholstered
Flat Beethovenstraat,1077 HX Amsterdam (Apollobuurt),"€3,200 per month",100 m²,3 rooms,Upholstered
Flat Sumatrastraat 108 D,1094 NK Amsterdam (Indische Buurt-West),"€1,975 per month",98 m²,3 rooms,
Flat Ruysdaelstraat,1071 XE Amsterdam (Museumkwartier),"€2,500 per month",54 m²,3 rooms,
Flat Maria Austriastraat,1087 KJ Amsterdam (IJburg-West),"€2,350 per month",52 m²,2 rooms,
Flat Korte Ouderkerkerdijk 1 R 2,1096 AC Amsterdam (Omval/Overamstel),"€3,850 per month",111 m²,3 rooms,Upholstered
Flat Bennebroekstraat 6 2,1058 LL Amsterdam (Hoofddorppleinbuurt),"€2,500 per month",69 m²,3 rooms,Upholstered
Flat Rupelmonde 80,1081 GS Amsterdam (Buitenveldert-West),"€2,500 per month",70 m²,3 rooms,Upholstered
Flat Barbusselaan,1102 TX Amsterdam (Venserpolder),"€1,850 per month",70 m²,3 rooms,Furnished
Flat Fokke Simonszstraat,1017 TE Amsterdam (De Weteringschans),"€3,450 per month",81 m²,2 rooms,Furnished
Flat Fokke Simonszstraat,1017 TE Amsterdam (De Weteringschans),"€3,450 per month",74 m²,2 rooms,Furnished
Flat Florence Pricehof,1081 LG Amsterdam (Zuidas),"€3,300 per month",110 m²,4 rooms,
Flat Florence Pricehof,1081 LG Amsterdam (Zuidas),"€3,450 per month",115 m²,4 rooms,
Flat Kanteel 10,1083 DA Amsterdam (Buitenveldert-Oost),"€2,500 per month",97 m²,3 rooms,Furnished
Flat Coöperatiehof,1073 JR Amsterdam (Zuid Pijp),"€2,600 per month",75 m²,3 rooms,Furnished
Flat De Lairessestraat,1071 PL Amsterdam (Museumkwartier),"€3,725 per month",119 m²,3 rooms,Upholstered
Studio Albert Cuypstraat,1073 BL Amsterdam (Oude Pijp),"€2,650 per month",65 m²,2 rooms,Upholstered
Flat Ceintuurbaan,1072 GA Amsterdam (Oude Pijp),"€2,475 per month",60 m²,3 rooms,Upholstered
Flat Rubensstraat,1077 MJ Amsterdam (Apollobuurt),"€3,500 per month",75 m²,3 rooms,Furnished
Flat Jan Evertsenstraat,1057 BV Amsterdam (Hoofdweg e.o.),"€2,625 per month",74 m²,3 rooms,Upholstered
Flat Marnixstraat,1016 XX Amsterdam (Jordaan),"€2,575 per month",63 m²,3 rooms,Upholstered
Flat Maasstraat 99 2,1078 HG Amsterdam (Scheldebuurt),"€3,000 per month",85 m²,3 rooms,Furnished
Flat Jan van Duivenvoordestraat 47,1067 MT Amsterdam (Geuzenveld),"€2,800 per month",96 m²,4 rooms,
Flat Ben Viljoenstraat,1091 XT Amsterdam (Transvaalbuurt),"€2,750 per month",85 m²,4 rooms,Furnished
Flat Maassluisstraat,1062 GA Amsterdam (Westlandgracht),"€3,300 per month",115 m²,4 rooms,Furnished
Flat Postjeskade,1058 DG Amsterdam (Westindische Buurt),"€1,400 per month",40 m²,2 rooms,Furnished
Flat Weesperzijde,1091 EH Amsterdam (Weesperzijde),"€2,950 per month",135 m²,4 rooms,Furnished
Flat Herengracht,1016 BE Amsterdam (Grachtengordel-West),"€3,000 per month",70 m²,3 rooms,Furnished
Flat Keizersgracht,1017 DL Amsterdam (Grachtengordel-Zuid),"€3,750 per month",110 m²,3 rooms,Furnished
Flat Radarweg 290,1043 NV Amsterdam (Sloterdijk Nieuw-West),"€3,950 per month",201 m²,7 rooms,Upholstered
Flat Van Ostadestraat,1072 TH Amsterdam (Nieuwe Pijp),"€2,725 per month",59 m²,3 rooms,Upholstered
Flat Derde Kostverlorenkade,1054 TN Amsterdam (Overtoomse Sluis),"€3,880 per month",85 m²,3 rooms,Furnished
Flat Overtoom,1054 HV Amsterdam (Vondelparkbuurt),"€2,600 per month",81 m²,3 rooms,Furnished
Flat Van Tuyll van Serooskerkenweg,1076 JK Amsterdam (Stadionbuurt),"€2,975 per month",65 m²,3 rooms,Upholstered
Flat Van Tuyll van Serooskerkenweg,1076 JK Amsterdam (Stadionbuurt),"€3,225 per month",63 m²,3 rooms,Upholstered
Flat Albrecht Dürerstraat,1077 LW Amsterdam (Apollobuurt),"€4,250 per month",161 m²,4 rooms,Upholstered
Flat Sarphatistraat 24 G,1018 GK Amsterdam (Weesperbuurt/Plantage),"€3,250 per month",61 m²,3 rooms,
Flat Singel 212 A,1016 AB Amsterdam (Grachtengordel-West),"€3,000 per month",102 m²,4 rooms,Upholstered
Flat Prins Hendrikkade 107 1,1011 AJ Amsterdam (Nieuwmarkt/Lastage),"€2,500 per month",85 m²,2 rooms,Furnished
Flat Kometensingel,1033 BX Amsterdam (Oostzanerwerf),"€2,750 per month",75 m²,3 rooms,Upholstered
Flat Gustav Mahlerplein,1082 MS Amsterdam (Zuidas),"€7,250 per month",175 m²,4 rooms,
Flat Kometensingel,1033 BX Amsterdam (Oostzanerwerf),"€2,850 per month",79 m²,4 rooms,Upholstered
Flat Knollendamstraat 4 3,1013 TN Amsterdam (Spaarndammerbuurt/Zeeheldenbuurt),"€3,000 per month",104 m²,3 rooms,Furnished
Flat Kometensingel,1033 BX Amsterdam (Oostzanerwerf),"€3,250 per month",98 m²,4 rooms,Upholstered
Flat Kometensingel,1033 BX Amsterdam (Oostzanerwerf),"€3,500 per month",111 m²,4 rooms,Upholstered
Flat Kometensingel,1033 BX Amsterdam (Oostzanerwerf),"€3,975 per month",150 m²,5 rooms,Upholstered
Flat Rupelmonde 27,1081 GP Amsterdam (Buitenveldert-West),"€2,600 per month",63 m²,3 rooms,
Flat Sarphatistraat 686,1018 AV Amsterdam (Oostelijke Eilanden/Kadijken),"€2,500 per month",75 m²,2 rooms,Upholstered
Flat Nieuwe Prinsengracht,1018 VV Amsterdam (Weesperbuurt/Plantage),"€3,750 per month",123 m²,4 rooms,Upholstered or furnished
Flat Schoorlstraat,1024 PV Amsterdam (Waterlandpleinbuurt),"€2,250 per month",75 m²,4 rooms,Furnished
Flat Kloveniersburgwal,1011 JX Amsterdam (Nieuwmarkt/Lastage),"€4,650 per month",158 m²,3 rooms,Upholstered
Flat Hellingbaan,1033 DB Amsterdam (Noordelijke IJ-oevers-West),"€3,197 per month",110 m²,2 rooms,Upholstered
Flat Maasstraat 99 2,1078 HG Amsterdam (Scheldebuurt),"€3,000 per month",85 m²,3 rooms,Furnished
Flat Karel Klinkenbergstraat 1 M,1061 AH Amsterdam (Overtoomse Veld),"€2,650 per month",76 m²,3 rooms,Furnished
Flat Haarlemmerweg 484,1014 BL Amsterdam (Sloterdijk-West),"€2,750 per month",74 m²,3 rooms,Furnished
Flat Passeerdersstraat,1016 ZA Amsterdam (Jordaan),"€2,750 per month",60 m²,2 rooms,Furnished
Flat Bocholtstraat,1066 ML Amsterdam (Sloten/Nieuw-Sloten),"€3,000 per month",90 m²,4 rooms,
Flat Nieuwezijds Voorburgwal,1012 SJ Amsterdam (Burgwallen-Nieuwe Zijde),"€2,500 per month",83 m²,2 rooms,
Flat Admiraal De Ruijterweg,1055 MB Amsterdam (Landlust),"€2,975 per month",67 m²,4 rooms,Upholstered
Flat Herengracht,1017 CJ Amsterdam (Grachtengordel-Zuid),"€2,995 per month",72 m²,3 rooms,Furnished
Flat Hemonylaan,1074 BE Amsterdam (Oude Pijp),"€2,525 per month",51 m²,3 rooms,Upholstered
Flat Amstelboulevard 24,1096 HH Amsterdam (Omval/Overamstel),"€2,855 per month",144 m²,3 rooms,Upholstered
Flat Van Ostadestraat 10 3,1072 SX Amsterdam (Nieuwe Pijp),"€2,650 per month",51 m²,3 rooms,Furnished
Flat Sloterkade,1058 HG Amsterdam (Hoofddorppleinbuurt),"€3,250 per month",95 m²,3 rooms,Furnished
Flat Willem Frederik Hermansstraat,1011 DG Amsterdam (Nieuwmarkt/Lastage),"€2,900 per month",90 m²,3 rooms,Furnished
Flat Lomanstraat,1075 PW Amsterdam (Willemspark),"€2,925 per month",85 m²,2 rooms,Upholstered
Flat Rozengracht 55 1,1016 LS Amsterdam (Jordaan),"€4,250 per month",107 m²,4 rooms,Furnished
Flat Badhuiskade,1031 KV Amsterdam (Noordelijke IJ-oevers-West),"€3,200 per month",81 m²,3 rooms,Upholstered
Flat Ruysdaelstraat,1071 XE Amsterdam (Museumkwartier),"€3,500 per month",110 m²,3 rooms,
Flat De Lairessestraat 124 E,1071 PL Amsterdam (Museumkwartier),"€3,500 per month",95 m²,3 rooms,Upholstered
Flat Valkenburgerstraat 30 L,1011 LZ Amsterdam (Nieuwmarkt/Lastage),"€3,000 per month",90 m²,3 rooms,Furnished
Flat Da Costakade,1053 WG Amsterdam (Da Costabuurt),"€3,200 per month",73 m²,2 rooms,Upholstered or furnished
Flat Oranje-Vrijstaatplein,1093 NG Amsterdam (Dapperbuurt),"€2,994 per month",100 m²,3 rooms,Furnished
Flat Fagelstraat 106 1,1052 GJ Amsterdam (Frederik Hendrikbuurt),"€2,450 per month",65 m²,2 rooms,Upholstered
Flat Osdorper Ban 15 M,1068 LD Amsterdam (Osdorp-Oost),"€2,005 per month",101 m²,3 rooms,Upholstered
Flat Amstel 137 B,1018 EN Amsterdam (Weesperbuurt/Plantage),"€3,500 per month",69 m²,4 rooms,Furnished
Flat Elzenhagensingel 164,1022 LA Amsterdam (Elzenhagen),"€2,334 per month",70 m²,3 rooms,Upholstered
Flat Oranje Nassaulaan 53 2,1075 AK Amsterdam (Willemspark),"€8,000 per month",147 m²,3 rooms,Upholstered
Flat Vijzelgracht,1017 HN Amsterdam (De Weteringschans),"€4,250 per month",132 m²,5 rooms,Furnished
Flat Dirk Schäferstraat,1076 BA Amsterdam (Prinses Irenebuurt e.o.),"€3,150 per month",96 m²,3 rooms,Furnished
Flat Derde Oosterparkstraat 70 H,1091 KA Amsterdam (Oosterparkbuurt),"€3,500 per month",125 m²,3 rooms,Upholstered
Flat Groenendaalstraat,1058 LD Amsterdam (Hoofddorppleinbuurt),"€2,450 per month",55 m²,2 rooms,Upholstered or furnished
Flat Bos en Lommerplantsoen,1055 AA Amsterdam (De Kolenkit),"€1,279 per month",30 m²,1 room,Furnished
Flat Willemsparkweg 122 H,1071 HP Amsterdam (Museumkwartier),"€6,750 per month",242 m²,7 rooms,Upholstered
Flat Maasstraat 99 2,1078 HG Amsterdam (Scheldebuurt),"€3,000 per month",85 m²,3 rooms,Furnished
Flat Marnixstraat,1016 XX Amsterdam (Jordaan),"€2,575 per month",63 m²,3 rooms,Upholstered
Flat De Kempenaerstraat,1051 CN Amsterdam (Staatsliedenbuurt),"€2,225 per month",40 m²,3 rooms,Upholstered
Flat Esplanade de Meer,1098 WK Amsterdam (Middenmeer),"€2,950 per month",115 m²,3 rooms,Upholstered
Flat Bloemgracht,1016 KL Amsterdam (Jordaan),"€2,750 per month",75 m²,3 rooms,Furnished
Flat Linnaeusstraat,1093 EK Amsterdam (Dapperbuurt),"€2,600 per month",63 m²,3 rooms,Upholstered
Flat Egidiusstraat,1055 GN Amsterdam (Erasmuspark),"€3,800 per month",126 m²,5 rooms,
Flat Gustav Mahlerlaan 953,1082 MK Amsterdam (Zuidas),"€3,850 per month",92 m²,3 rooms,Upholstered
Flat Albert Cuypstraat,1073 BE Amsterdam (Oude Pijp),"€2,550 per month",51 m²,3 rooms,Upholstered
Flat Tussen Meer,1069 DW Amsterdam (Osdorp-Midden),"€3,300 per month",85 m²,5 rooms,Upholstered
Flat Nassaukade,1052 CK Amsterdam (Staatsliedenbuurt),"€2,999 per month",85 m²,3 rooms,Upholstered
Flat Pieter Cornelisz. Hooftstraat,1071 BV Amsterdam (Museumkwartier),"€2,475 per month",65 m²,2 rooms,Furnished
Flat Aalsmeerweg 37 H,1059 AB Amsterdam (Hoofddorppleinbuurt),"€4,000 per month",89 m²,4 rooms,Upholstered or furnished
Flat Prinseneiland,1013 LL Amsterdam (Haarlemmerbuurt),"€2,600 per month",64 m²,3 rooms,Upholstered
Flat Funenpark 116,1018 AK Amsterdam (Oostelijke Eilanden/Kadijken),"€2,500 per month",80 m²,2 rooms,Furnished
Flat Amstelveenseweg,1075 XS Amsterdam (Schinkelbuurt),"€2,650 per month",80 m²,3 rooms,Upholstered
Flat Marie Heinekenplein,1072 MN Amsterdam (Oude Pijp),"€3,400 per month",86 m²,3 rooms,Furnished
House Lomondlaan,1060 PL Amsterdam (De Aker),"€3,200 per month",130 m²,5 rooms,Furnished
Flat Kinderdijkstraat 10 H,1079 GH Amsterdam (Scheldebuurt),"€2,650 per month",73 m²,3 rooms,Upholstered
Flat Aalsmeerweg,1059 AJ Amsterdam (Hoofddorppleinbuurt),"€2,500 per month",52 m²,3 rooms,Furnished
Flat Frans van Mierisstraat 37 2,1071 RJ Amsterdam (Museumkwartier),"€3,475 per month",90 m²,3 rooms,
Flat Nassaukade,1052 CG Amsterdam (Staatsliedenbuurt),"€5,000 per month",150 m²,7 rooms,Upholstered or furnished
Flat Vaartstraat 62 D,1075 RR Amsterdam (Schinkelbuurt),"€2,250 per month",46 m²,2 rooms,Upholstered or furnished
Flat Rustenburgerstraat,1072 HB Amsterdam (Nieuwe Pijp),"€2,575 per month",51 m²,3 rooms,Upholstered
Flat Brederodestraat,1054 VD Amsterdam (Overtoomse Sluis),"€3,250 per month",81 m²,3 rooms,Upholstered
Flat Langebrugsteeg,1012 GB Amsterdam (Burgwallen-Oude Zijde),"€2,950 per month",110 m²,3 rooms,Upholstered
House Nederhoven,1083 AN Amsterdam (Buitenveldert-Oost),"€4,250 per month",180 m²,7 rooms,Upholstered
Flat George Gershwinlaan,1082 MT Amsterdam (Zuidas),"€3,950 per month",110 m²,3 rooms,Furnished
Flat Van Tuyll van Serooskerkenweg,1076 JN Amsterdam (Stadionbuurt),"€2,750 per month",85 m²,3 rooms,Furnished
Flat Koninginneweg,1075 CM Amsterdam (Willemspark),"€3,500 per month",72 m²,3 rooms,Furnished
Flat Kantershof,1104 GA Amsterdam (Geerdinkhof/Kantershof),"€1,275 per month",65 m²,3 rooms,Shell
Flat Koninginneweg 156 1,1075 EE Amsterdam (Willemspark),"€3,750 per month",100 m²,3 rooms,Upholstered
Flat Marnixstraat,1016 XX Amsterdam (Jordaan),"€2,575 per month",63 m²,3 rooms,Upholstered
Flat Karel Klinkenbergstraat 1 M,1061 AH Amsterdam (Overtoomse Veld),"€2,650 per month",76 m²,3 rooms,Furnished
Flat Doggersbankstraat,1055 NX Amsterdam (Landlust),"€2,850 per month",80 m²,3 rooms,Furnished
Flat Kanteel,1083 DB Amsterdam (Buitenveldert-Oost),"€2,500 per month",100 m²,3 rooms,Furnished
Flat De Clercqstraat,1053 AE Amsterdam (Da Costabuurt),"€2,550 per month",61 m²,3 rooms,Upholstered
Flat Dijkmeerlaan 539,1096 DE Amsterdam (Omval/Overamstel),"€3,750 per month",110 m²,4 rooms,Furnished
Flat Henri Polaklaan 32 2,1018 CT Amsterdam (Weesperbuurt/Plantage),"€2,950 per month",75 m²,3 rooms,Furnished
Flat Johannes Verhulststraat 118 2,1071 NL Amsterdam (Museumkwartier),"€4,250 per month",151 m²,4 rooms,Upholstered
Flat De Lairessestraat 82 A,1071 PH Amsterdam (Museumkwartier),"€9,000 per month",240 m²,7 rooms,Upholstered
Flat Pieter Cornelisz. Hooftstraat,1071 BV Amsterdam (Museumkwartier),"€5,950 per month",190 m²,6 rooms,
Flat Grasweg,1031 HX Amsterdam (Noordelijke IJ-oevers-West),"€2,725 per month",79 m²,3 rooms,Upholstered
Flat Barajasweg,1043 CP Amsterdam (Sloterdijk Nieuw-West),"€2,900 per month",104 m²,4 rooms,Upholstered
Flat Cornelis Schuytstraat,1071 JH Amsterdam (Museumkwartier),"€4,600 per month",140 m²,3 rooms,Furnished
Flat Amstelveenseweg,1081 JW Amsterdam (Buitenveldert-West),"€3,500 per month",90 m²,3 rooms,
Flat Prinsengracht,1015 DT Amsterdam (Grachtengordel-West),"€3,750 per month",100 m²,3 rooms,Furnished
Flat Derde Oosterparkstraat 135 C,1092 CS Amsterdam (Oosterparkbuurt),"€3,250 per month",103 m²,4 rooms,Furnished
Flat Van Noordtstraat 5 D,1013 SM Amsterdam (Spaarndammerbuurt/Zeeheldenbuurt),"€2,300 per month",50 m²,2 rooms,Furnished
Flat Maasstraat 99 2,1078 HG Amsterdam (Scheldebuurt),"€3,000 per month",85 m²,3 rooms,Furnished
Flat Lijnbaansgracht,1016 XA Amsterdam (Jordaan),"€3,500 per month",104 m²,3 rooms,Furnished
Flat Groen van Prinstererstraat,1051 EL Amsterdam (Staatsliedenbuurt),"€2,425 per month",58 m²,2 rooms,Upholstered or furnished
Flat Tuinstraat,1015 PE Amsterdam (Jordaan),"€2,849 per month",81 m²,3 rooms,Furnished
Flat Deurloostraat,1078 JJ Amsterdam (Scheldebuurt),"€2,850 per month",80 m²,4 rooms,Furnished
Flat Sarphatikade,1017 WV Amsterdam (De Weteringschans),"€2,850 per month",63 m²,3 rooms,Furnished
Flat IJburglaan,1087 CL Amsterdam (IJburg-West),"€2,750 per month",112 m²,3 rooms,Furnished
Flat Jan Haringstraat,1056 XE Amsterdam (Landlust),"€2,250 per month",90 m²,2 rooms,Furnished
Flat Gustav Mahlerlaan,1082 MK Amsterdam (Zuidas),"€7,250 per month",170 m²,4 rooms,Furnished
House Prof. R. Casimirstraat,1068 KC Amsterdam (Osdorp-Oost),"€2,950 per month",155 m²,5 rooms,Upholstered or furnished
Flat De Lierhof,1059 WE Amsterdam (Westlandgracht),"€2,750 per month",86 m²,3 rooms,Furnished
Flat Nassaukade 157 3,1053 LK Amsterdam (Da Costabuurt),"€3,995 per month",144 m²,5 rooms,
Flat Prinsengracht,1016 HK Amsterdam (Grachtengordel-West),"€2,500 per month",86 m²,2 rooms,Furnished
Flat Dusartstraat,1072 HR Amsterdam (Oude Pijp),"€2,625 per month",54 m²,3 rooms,Upholstered
Flat Rijnstraat,1079 HS Amsterdam (Rijnbuurt),"€3,250 per month",130 m²,5 rooms,Upholstered
Flat Karel Klinkenbergstraat 1 M,1061 AH Amsterdam (Overtoomse Veld),"€2,650 per month",76 m²,3 rooms,Furnished
Flat Maasstraat 99 2,1078 HG Amsterdam (Scheldebuurt),"€3,000 per month",85 m²,3 rooms,Furnished
Flat Anna Spenglerstraat,1054 NM Amsterdam (Helmersbuurt),"€2,800 per month",86 m²,3 rooms,Furnished
Flat Leidsekade 99 B,1017 PP Amsterdam (De Weteringschans),"€5,000 per month",115 m²,3 rooms,Furnished
Flat Kleiburg,1104 EA Amsterdam (Bijlmermuseum),"€2,000 per month",80 m²,4 rooms,Furnished
Flat Haparandadam,1013 AK Amsterdam (Houthavens),"€3,500 per month",128 m²,4 rooms,Furnished
Flat Ruysdaelkade,1072 AV Amsterdam (Nieuwe Pijp),"€2,300 per month",73 m²,3 rooms,Furnished
Flat Pieter Cornelisz. Hooftstraat,1071 BL Amsterdam (Museumkwartier),"€3,419 per month",58 m²,2 rooms,Furnished
Flat Abbenesstraat,1059 TB Amsterdam (Hoofddorppleinbuurt),"€2,994 per month",52 m²,3 rooms,Furnished
Flat Abbenesstraat,1059 TB Amsterdam (Hoofddorppleinbuurt),"€2,699 per month",52 m²,3 rooms,Furnished
Flat Spuistraat,1012 VN Amsterdam (Burgwallen-Nieuwe Zijde),"€2,500 per month",64 m²,2 rooms,Upholstered or furnished
Flat Gerard Doustraat,1072 VG Amsterdam (Oude Pijp),"€2,675 per month",81 m²,3 rooms,Furnished
Flat Van Rensselaerstraat,1058 XR Amsterdam (Westindische Buurt),"€3,500 per month",105 m²,4 rooms,
Flat Van Rensselaerstraat,1058 XR Amsterdam (Westindische Buurt),"€3,500 per month",105 m²,4 rooms,
Flat Julius Pergerstraat,1087 KP Amsterdam (IJburg-Zuid),"€2,100 per month",83 m²,3 rooms,Furnished
Flat Amstelkade 167 H,1078 AZ Amsterdam (Scheldebuurt),"€7,950 per month",200 m²,4 rooms,Furnished
Flat Ceintuurbaan,1074 CW Amsterdam (Oude Pijp),"€3,200 per month",93 m²,3 rooms,Furnished
Flat Houtrijkstraat,1013 DW Amsterdam (Spaarndammerbuurt/Zeeheldenbuurt),"€2,400 per month",53 m²,2 rooms,Furnished
Flat Michelangelostraat 73 3,1077 BW Amsterdam (Apollobuurt),"€2,950 per month",99 m²,3 rooms,Upholstered
Flat Nieuwezijds Armsteeg,1012 NB Amsterdam (Burgwallen-Nieuwe Zijde),"€2,975 per month",90 m²,3 rooms,Upholstered or furnished
Flat Jacob van Lennepstraat,1053 HM Amsterdam (Van Lennepbuurt),"€3,000 per month",80 m²,3 rooms,Furnished
Flat Haarlemmerdijk,1013 JK Amsterdam (Haarlemmerbuurt),"€3,500 per month",116 m²,4 rooms,Furnished
Flat Ruyschstraat,1091 BR Amsterdam (Weesperzijde),"€4,495 per month",162 m²,4 rooms,Upholstered
Flat Czaar Peterstraat 103 F,1018 PE Amsterdam (Oostelijke Eilanden/Kadijken),"€2,620 per month",66 m²,3 rooms,
Flat Derkinderenstraat,1061 VX Amsterdam (Overtoomse Veld),"€2,700 per month",101 m²,4 rooms,Furnished
Flat Admiralengracht,1057 GA Amsterdam (Chassébuurt),"€2,625 per month",58 m²,3 rooms,Upholstered
Flat Nida Senffstraat,1095 MX Amsterdam (Zeeburgereiland/Bovendiep),"€2,250 per month",68 m²,3 rooms,Furnished
Flat Nassaukade 108 2,1052 CZ Amsterdam (Frederik Hendrikbuurt),"€2,750 per month",70 m²,2 rooms,Furnished
Flat Mary van der Sluisstraat,1095 ME Amsterdam (Zeeburgereiland/Bovendiep),"€3,000 per month",88 m²,3 rooms,
Flat Jan van Galenstraat,1056 CK Amsterdam (Erasmuspark),"€2,444 per month",50 m²,2 rooms,Upholstered
Flat Van Leijenberghlaan,1082 GM Amsterdam (Buitenveldert-West),"€5,250 per month",143 m²,4 rooms,
Flat Bilderdijkstraat,1053 LA Amsterdam (Da Costabuurt),"€3,000 per month",80 m²,3 rooms,Upholstered
Flat Marnixstraat,1016 XX Amsterdam (Jordaan),"€2,575 per month",63 m²,3 rooms,Upholstered
Flat Karel Klinkenbergstraat 1 M,1061 AH Amsterdam (Overtoomse Veld),"€2,650 per month",76 m²,3 rooms,Furnished
Flat Jan Haringstraat 1,1056 XE Amsterdam (Landlust),"€2,600 per month",75 m²,3 rooms,Upholstered
Flat Linnaeusparkweg,1098 EJ Amsterdam (Middenmeer),"€5,750 per month",160 m²,6 rooms,Upholstered
Flat Archimedesplantsoen,1098 JV Amsterdam (Middenmeer),"€3,500 per month",99 m²,4 rooms,Upholstered
Flat Tweede Sweelinckstraat,1073 EG Amsterdam (Nieuwe Pijp),"€3,200 per month",94 m²,4 rooms,Upholstered
Flat Eerste Boerhaavestraat,1091 SB Amsterdam (Weesperzijde),"€4,200 per month",105 m²,4 rooms,Furnished
Flat Nieuwe Uilenburgerstraat 7 F,1011 LM Amsterdam (Nieuwmarkt/Lastage),"€3,750 per month",124 m²,3 rooms,Furnished
Flat Boterdiepstraat,1079 SR Amsterdam (Rijnbuurt),"€3,000 per month",79 m²,3 rooms,Furnished
House Singel,1015 AC Amsterdam (Grachtengordel-West),"€5,000 per month",150 m²,4 rooms,Upholstered
Flat Jasonstraat,1076 LC Amsterdam (Stadionbuurt),"€2,625 per month",69 m²,3 rooms,Upholstered
Flat Hellingbaan,1033 DB Amsterdam (Noordelijke IJ-oevers-West),"€3,153 per month",110 m²,4 rooms,Upholstered
Flat Nieuwe Herengracht,1011 SC Amsterdam (Nieuwmarkt/Lastage),"€3,250 per month",130 m²,3 rooms,Furnished
Flat Johan Hofmanstraat,1069 KD Amsterdam (Osdorp-Midden),"€2,600 per month",96 m²,4 rooms,Furnished
Flat Hellingbaan,1033 DB Amsterdam (Noordelijke IJ-oevers-West),"€3,121 per month",110 m²,4 rooms,Upholstered
Flat Hellingbaan,1033 DB Amsterdam (Noordelijke IJ-oevers-West),"€3,011 per month",111 m²,3 rooms,Upholstered
Flat Admiralengracht,1057 GA Amsterdam (Chassébuurt),"€2,500 per month",58 m²,3 rooms,Upholstered
Flat Keizersgracht 168 C,1015 CZ Amsterdam (Grachtengordel-West),"€2,600 per month",52 m²,2 rooms,Upholstered
Flat Gaasterlandstraat,1079 RH Amsterdam (Scheldebuurt),"€3,445 per month",125 m²,3 rooms,Upholstered
Flat Nieuwezijds Voorburgwal,1012 RT Amsterdam (Burgwallen-Nieuwe Zijde),"€6,500 per month",180 m²,4 rooms,Furnished
Flat Elzenhagensingel 935,1022 LA Amsterdam (Elzenhagen),"€1,800 per month",78 m²,3 rooms,
Flat Van Oldenbarneveldtplein,1052 JL Amsterdam (Frederik Hendrikbuurt),"€3,150 per month",96 m²,4 rooms,
Flat Rokin,1012 KL Amsterdam (Burgwallen-Oude Zijde),"€2,850 per month",110 m²,3 rooms,Furnished
Flat Kribbestraat 48 1,1079 WV Amsterdam (Rijnbuurt),"€2,475 per month",56 m²,3 rooms,Upholstered
Flat Sausalitolaan,1031 KE Amsterdam (Noordelijke IJ-oevers-West),"€3,250 per month",105 m²,3 rooms,Furnished
Flat Govert Flinckstraat,1072 EM Amsterdam (Oude Pijp),"€2,650 per month",61 m²,2 rooms,Upholstered or furnished
Flat Anthonie van Dijckstraat,1077 ME Amsterdam (Apollobuurt),"€4,995 per month",126 m²,4 rooms,Furnished
Flat Emmalaan 19 C,1075 AT Amsterdam (Willemspark),"€3,950 per month",100 m²,3 rooms,Furnished
Flat Van Eeghenstraat 206,1071 GM Amsterdam (Museumkwartier),"€16,500 per month",284 m²,8 rooms,
Flat Nieuwe Kerkstraat,1018 VK Amsterdam (Weesperbuurt/Plantage),"€2,750 per month",100 m²,2 rooms,Furnished
Flat Bercylaan 671,1031 KP Amsterdam (Noordelijke IJ-oevers-West),"€5,300 per month",184 m²,4 rooms,
Flat Ertskade 264,1019 BB Amsterdam (Oostelijk Havengebied),"€6,000 per month",185 m²,4 rooms,Upholstered
Flat Marnixstraat,1016 XX Amsterdam (Jordaan),"€2,575 per month",63 m²,3 rooms,Upholstered
Flat Maasstraat 99 2,1078 HG Amsterdam (Scheldebuurt),"€3,000 per month",85 m²,3 rooms,Furnished
Flat Binnenkadijk,1018 AZ Amsterdam (Oostelijke Eilanden/Kadijken),"€2,600 per month",75 m²,2 rooms,Furnished
Flat Nieuwe Laan,1068 CA Amsterdam (Osdorp-Oost),"€2,500 per month",53 m²,2 rooms,
Flat Mariotteplein 27 1,1098 NW Amsterdam (Middenmeer),"€2,500 per month",86 m²,5 rooms,
Flat Ottho Heldringstraat,1066 XT Amsterdam (Slotervaart-Zuid),"€2,475 per month",121 m²,4 rooms,Upholstered
Flat Hogehilweg 11 K 54,1101 CA Amsterdam (Amstel III/Bullewijk),"€1,935 per month",86 m²,3 rooms,
Flat Keizersgracht 698 H,1017 EV Amsterdam (Grachtengordel-Zuid),"€5,000 per month",215 m²,4 rooms,Upholstered
Flat Peter Schatstraat 97,1082 MX Amsterdam (Zuidas),"€7,500 per month",208 m²,4 rooms,Upholstered
Flat Karspeldreef,1101 CK Amsterdam (Amstel III/Bullewijk),"€1,579 per month",60 m²,2 rooms,
Flat Postjeskade,1058 DE Amsterdam (Westindische Buurt),"€2,150 per month",65 m²,2 rooms,Furnished
Flat Keizersgracht,1017 DS Amsterdam (Grachtengordel-Zuid),"€4,200 per month",104 m²,3 rooms,
Flat Dufaystraat,1075 GS Amsterdam (Willemspark),"€7,250 per month",209 m²,5 rooms,Upholstered
Flat Amstel,1017 AG Amsterdam (Grachtengordel-Zuid),"€2,700 per month",71 m²,2 rooms,Furnished
Flat Nieuwezijds Voorburgwal,1012 RT Amsterdam (Burgwallen-Nieuwe Zijde),"€7,000 per month",159 m²,3 rooms,Furnished
Flat Nieuwezijds Voorburgwal,1012 RT Amsterdam (Burgwallen-Nieuwe Zijde),"€7,000 per month",180 m²,4 rooms,Upholstered or furnished
Flat Osdorper Ban 21 H,1068 LD Amsterdam (Osdorp-Oost),"€2,200 per month",131 m²,3 rooms,Upholstered
Flat John Blankensteinstraat,1095 MB Amsterdam (Zeeburgereiland/Bovendiep),"€5,500 per month",105 m²,3 rooms,Furnished
Flat Sarphatistraat,1018 GP Amsterdam (Weesperbuurt/Plantage),"€2,650 per month",68 m²,3 rooms,Furnished
Flat Keizersgracht 168 D,1015 CZ Amsterdam (Grachtengordel-West),"€4,000 per month",105 m²,4 rooms,Upholstered
Flat Haarlemmerweg,1014 BL Amsterdam (Sloterdijk-West),"€2,050 per month",75 m²,4 rooms,
Flat Pieter Cornelisz. Hooftstraat,1071 BZ Amsterdam (Museumkwartier),"€3,550 per month",94 m²,3 rooms,Upholstered or furnished
Flat Weerdestein,1083 GD Amsterdam (Buitenveldert-Oost),"€2,800 per month",110 m²,4 rooms,Upholstered or furnished
Flat IJsselmeerstraat,1024 ML Amsterdam (Waterlandpleinbuurt),"€2,600 per month",130 m²,4 rooms,Furnished
House Jacob van Lennepkade,1054 ZH Amsterdam (Helmersbuurt),"€3,250 per month",50 m²,1 room,Furnished
Flat Nieuwezijds Voorburgwal,1012 RT Amsterdam (Burgwallen-Nieuwe Zijde),"€6,250 per month",150 m²,3 rooms,Furnished
Flat Plantage Middenlaan 8 E,1018 DD Amsterdam (Weesperbuurt/Plantage),"€14,500 per month",533 m²,11 rooms,Furnished
Flat Houtmankade,1013 MX Amsterdam (Spaarndammerbuurt/Zeeheldenbuurt),"€2,700 per month",84 m²,3 rooms,Furnished
Flat Sloterkade,1058 HH Amsterdam (Hoofddorppleinbuurt),"€3,500 per month",114 m²,3 rooms,Upholstered
Flat Nieuwezijds Voorburgwal,1012 RZ Amsterdam (Burgwallen-Nieuwe Zijde),"€3,500 per month",100 m²,3 rooms,Furnished
Flat Eemsstraat 55 1,1079 TE Amsterdam (Rijnbuurt),"€2,250 per month",55 m²,3 rooms,Furnished
Flat Govert Flinckstraat,1072 EM Amsterdam (Oude Pijp),"€3,500 per month",101 m²,3 rooms,Upholstered or furnished
Flat Marnixstraat,1016 XX Amsterdam (Jordaan),"€2,575 per month",63 m²,3 rooms,Upholstered
Flat Karel Klinkenbergstraat 1 M,1061 AH Amsterdam (Overtoomse Veld),"€2,650 per month",76 m²,3 rooms,Furnished
Flat Anna Blamansingel,1102 SR Amsterdam (Venserpolder),"€1,850 per month",50 m²,2 rooms,Upholstered
Flat Rijnlandlaan,1062 MX Amsterdam (Westlandgracht),"€2,500 per month",80 m²,3 rooms,Furnished
Flat Kijkduinstraat 139 H,1055 XX Amsterdam (Landlust),"€3,745 per month",80 m²,3 rooms,Furnished
Flat Dora Tamanaplein 16,1074 JM Amsterdam (Nieuwe Pijp),"€4,000 per month",145 m²,4 rooms,Upholstered or furnished
Flat Waterlooplein,1011 PG Amsterdam (Nieuwmarkt/Lastage),"€3,250 per month",93 m²,2 rooms,Upholstered
Flat Amerbos,1025 ZX Amsterdam (Buikslotermeer),"€2,295 per month",84 m²,3 rooms,Upholstered
Flat Haspelsstraat,1063 TE Amsterdam (Slotermeer-Noordoost),"€1,925 per month",90 m²,3 rooms,Upholstered
Flat Apollolaan 187 3,1077 AV Amsterdam (Apollobuurt),"€14,000 per month",260 m²,4 rooms,Furnished
Flat Pieter Cornelisz. Hooftstraat 206,1071 CH Amsterdam (Museumkwartier),"€9,500 per month",142 m²,3 rooms,Furnished
Flat Overtoom,1054 LM Amsterdam (Overtoomse Sluis),"€3,900 per month",95 m²,3 rooms,Furnished
Flat Eerste Helmersstraat,1054 CX Amsterdam (Helmersbuurt),"€4,500 per month",110 m²,2 rooms,Furnished
Flat Woestduinstraat,1058 TC Amsterdam (Hoofddorppleinbuurt),"€3,500 per month",72 m²,3 rooms,Furnished
Flat Kloveniersburgwal,1012 CX Amsterdam (Burgwallen-Oude Zijde),"€4,000 per month",180 m²,7 rooms,Upholstered
Room Jelle Posthumapad,1106 ZR Amsterdam (Gein),€995 per month,15 m²,1 room,Furnished
Flat Goudsbloemstraat,1015 JM Amsterdam (Jordaan),"€2,100 per month",68 m²,2 rooms,Furnished
Flat Kikkenstein 3636,1104 TV Amsterdam (Bijlmermuseum),"€2,390 per month",90 m²,4 rooms,Furnished
Flat Prinsengracht 651,1016 HV Amsterdam (Grachtengordel-West),"€3,750 per month",120 m²,3 rooms,Furnished
Flat Teilingen,1082 JS Amsterdam (Buitenveldert-West),"€5,750 per month",262 m²,3 rooms,Furnished
Flat Singel,1013 GA Amsterdam (Haarlemmerbuurt),"€3,500 per month",99 m²,3 rooms,Upholstered
Flat Duinluststraat,1024 VK Amsterdam (Waterlandpleinbuurt),"€2,500 per month",98 m²,4 rooms,Shell
Flat Kloveniersburgwal,1012 CW Amsterdam (Burgwallen-Oude Zijde),"€3,250 per month",75 m²,3 rooms,Furnished
Flat Jan Haringstraat 89,1056 XE Amsterdam (Landlust),"€2,800 per month",100 m²,2 rooms,Furnished
Flat Maassluisstraat,1062 GA Amsterdam (Westlandgracht),"€2,700 per month",90 m²,3 rooms,Furnished
Flat Eerste Kostverlorenkade,1052 EL Amsterdam (Frederik Hendrikbuurt),"€3,150 per month",104 m²,4 rooms,Furnished
Flat Linnaeusstraat 14 B,1092 CK Amsterdam (Oosterparkbuurt),"€3,950 per month",153 m²,3 rooms,Furnished
Flat Amsteldijk,1079 LN Amsterdam (Rijnbuurt),"€2,500 per month",99 m²,3 rooms,Furnished
Flat Keizersgracht 134 B,1015 CW Amsterdam (Grachtengordel-West),"€2,650 per month",73 m²,2 rooms,Furnished
Flat Tweede Weteringdwarsstraat 48 3,1017 SX Amsterdam (De Weteringschans),"€2,500 per month",57 m²,3 rooms,Upholstered or furnished
Flat Overtoom 137 2,1054 HG Amsterdam (Vondelparkbuurt),"€3,500 per month",130 m²,3 rooms,Upholstered
Flat Teilingen,1082 JS Amsterdam (Buitenveldert-West),"€2,300 per month",55 m²,2 rooms,Furnished
Flat Karel Klinkenbergstraat 1 M,1061 AH Amsterdam (Overtoomse Veld),"€2,650 per month",76 m²,3 rooms,Furnished
Flat Maasstraat 99 2,1078 HG Amsterdam (Scheldebuurt),"€3,000 per month",85 m²,3 rooms,Furnished
Flat Teilingen,1082 JS Amsterdam (Buitenveldert-West),"€2,650 per month",130 m²,3 rooms,Upholstered or furnished
Flat Teilingen,1082 JR Amsterdam (Buitenveldert-West),"€2,450 per month",90 m²,3 rooms,Upholstered or furnished
Flat Overtoom,1054 HX Amsterdam (Helmersbuurt),"€2,950 per month",80 m²,3 rooms,Upholstered
Flat Sarphatistraat,1018 GP Amsterdam (Weesperbuurt/Plantage),"€2,700 per month",110 m²,3 rooms,Furnished
Flat Revaleiland,1014 ZG Amsterdam (Houthavens),"€3,500 per month",110 m²,3 rooms,Furnished
Flat Pietersbergweg,1105 BM Amsterdam (Amstel III/Bullewijk),"€2,164 per month",79 m²,3 rooms,
Flat Postjesweg,1062 JV Amsterdam (Overtoomse Veld),"€2,800 per month",82 m²,4 rooms,Shell
Flat Pietersbergweg,1105 BM Amsterdam (Amstel III/Bullewijk),"€2,099 per month",75 m²,3 rooms,
Flat Da Costastraat,1053 ZH Amsterdam (Da Costabuurt),"€1,750 per month",62 m²,2 rooms,Furnished
Flat Townhouse Vrije sector,1081 LG Amsterdam (Zuidas),"€3,300 per month",110 m²,3 rooms,
Flat Looiersgracht,1016 VR Amsterdam (Jordaan),"€4,950 per month",95 m²,2 rooms,Upholstered or furnished
Flat Koningin Wilhelminaplein,1062 KS Amsterdam (Westlandgracht),"€3,850 per month",105 m²,5 rooms,Upholstered or furnished
Flat Barentszstraat,1013 NL Amsterdam (Spaarndammerbuurt/Zeeheldenbuurt),"€2,250 per month",60 m²,2 rooms,Furnished
Flat Vrijheidslaan 6,1078 PJ Amsterdam (IJselbuurt),"€3,000 per month",85 m²,3 rooms,Furnished
Flat Amstelveenseweg,1075 XL Amsterdam (Schinkelbuurt),"€2,800 per month",70 m²,3 rooms,Furnished
Flat Den Texstraat,1017 ZC Amsterdam (De Weteringschans),"€4,200 per month",125 m²,4 rooms,Upholstered
Flat Ditlaar,1066 EE Amsterdam (Sloten/Nieuw-Sloten),"€2,350 per month",40 m²,1 room,Furnished
Flat Bijlmerplein,"1102 BH Amsterdam (Bijlmer Centrum (D,F,H))","€1,450 per month",65 m²,2 rooms,
Flat Vrijheidslaan 4,1078 PJ Amsterdam (IJselbuurt),"€2,250 per month",33 m²,2 rooms,Furnished
Flat Wittenburgergracht,1018 MT Amsterdam (Oostelijke Eilanden/Kadijken),"€3,975 per month",156 m²,3 rooms,Upholstered
Flat Lijnbaansgracht,1016 VX Amsterdam (Jordaan),"€8,800 per month",178 m²,2 rooms,Furnished
Flat Koningin Wilhelminaplein,1062 KS Amsterdam (Westlandgracht),"€2,750 per month",90 m²,3 rooms,Furnished
