Name,Location,Price,Area,Rooms,Interior
Flat Müllerkade,3024 EP Rotterdam (Schiemond),"€1,895 per month",65 m²,3 rooms,Upholstered
Flat G.H. Betzweg,3068 AZ Rotterdam (Oosterflank),"€1,415 per month",56 m²,2 rooms,Furnished
Room Westblaak,3012 KC Rotterdam (Cool),€467 per month,16 m²,1 room,Furnished
Room Ackersdijkstraat,3037 VK Rotterdam (Liskwartier),€944 per month,15 m²,1 room,Upholstered or furnished
Flat Weena,3013 AL Rotterdam (Cs Kwartier),"€2,500 per month",135 m²,5 rooms,Upholstered
Flat Hartmansstraat,3012 VA Rotterdam (Cool),"€1,500 per month",57 m²,3 rooms,Furnished
Flat Boompjes 54 C,3011 XB Rotterdam (Stadsdriehoek),"€2,395 per month",81 m²,3 rooms,Upholstered
House Tochtenweg,3069 XZ Rotterdam (Zevenkamp),"€2,450 per month",98 m²,5 rooms,Furnished
Flat Aernt Bruunstraat,3067 JC Rotterdam (Het Lage Land),€966 per month,86 m²,3 rooms,Shell
Flat Pleinweg,3081 JN Rotterdam (Tarwewijk),"€1,418 per month",68 m²,4 rooms,Upholstered
Flat Jaap van der Hoekplaats,3067 AD Rotterdam (Het Lage Land),"€1,950 per month",53 m²,2 rooms,Upholstered
Flat Schiedamseweg Beneden 495 B,3028 BP Rotterdam (Oud Mathenesse),"€1,950 per month",125 m²,4 rooms,Shell
Flat Statenweg,3039 HH Rotterdam (Blijdorp),"€2,350 per month",130 m²,4 rooms,Furnished
Flat Crooswijksesingel,3034 CH Rotterdam (Rubroek),"€2,317 per month",97 m²,2 rooms,Furnished
Flat Kruisplein 620,3012 CC Rotterdam (Cool),"€2,695 per month",89 m²,3 rooms,Furnished
Flat Adriaan Kooningsstraat 37,3077 ML Rotterdam (Oud IJsselmonde),"€2,100 per month",100 m²,4 rooms,Furnished
Flat Kapelstraat 83,3024 CH Rotterdam (Delfshaven),"€2,045 per month",103 m²,3 rooms,
Flat G.H. Betzweg,3068 AZ Rotterdam (Oosterflank),"€1,340 per month",46 m²,2 rooms,Furnished
Studio Westblaak,3012 KC Rotterdam (Cool),€740 per month,24 m²,2 rooms,Furnished
Flat Geertsemastraat,3038 XA Rotterdam (Bergpolder),"€2,275 per month",92 m²,4 rooms,Upholstered
Flat Karel Doormanstraat,3012 GD Rotterdam (Cool),"€2,600 per month",85 m²,3 rooms,Furnished
Flat Westplein,3016 BM Rotterdam (Nieuwe Werk),"€2,623 per month",83 m²,2 rooms,Upholstered or furnished
Flat Wilgenplaslaan,3052 SL Rotterdam (Schiebroek),"€1,595 per month",64 m²,3 rooms,
Flat 's-Gravendijkwal,3021 EC Rotterdam (Middelland),"€2,250 per month",87 m²,2 rooms,Upholstered
Flat Wolphaertsbocht,3083 MR Rotterdam (Carnisse),"€1,113 per month",50 m²,2 rooms,Upholstered
Flat Middelharnisstraat,3086 GH Rotterdam (Pendrecht),€995 per month,57 m²,3 rooms,
Flat Van Vollenhovenstraat 33 B,3016 BG Rotterdam (Nieuwe Werk),"€3,250 per month",100 m²,3 rooms,Furnished
Flat Noordschans,3026 VZ Rotterdam (Tussendijken),"€1,061 per month",60 m²,3 rooms,Upholstered
Flat Noordschans,3026 VZ Rotterdam (Tussendijken),"€1,137 per month",60 m²,3 rooms,Upholstered
Room Schieweg,3038 AX Rotterdam (Bergpolder),€570 per month,14 m²,1 room,Upholstered
Flat Westblaak,3012 KE Rotterdam (Cool),"€1,980 per month",78 m²,3 rooms,Upholstered
Flat Müllerkade,3024 EP Rotterdam (Schiemond),"€1,895 per month",65 m²,3 rooms,Upholstered
Flat Haagseveer,3011 DA Rotterdam (Stadsdriehoek),"€2,450 per month",100 m²,4 rooms,Upholstered
Flat Laan op Zuid 1420,3071 AC Rotterdam (Kop van Zuid - Entrepot),"€2,150 per month",82 m²,3 rooms,Upholstered
Flat Pampuskade,3077 ZK Rotterdam (Oud IJsselmonde),"€1,535 per month",74 m²,3 rooms,Shell
Flat Galvanistraat,3029 AD Rotterdam (Nieuw Mathenesse),"€1,866 per month",106 m²,3 rooms,Furnished
Flat 1e Middellandstraat,3021 BE Rotterdam (Middelland),"€1,700 per month",43 m²,3 rooms,Upholstered
Flat Nieuwe Binnenweg,3014 GG Rotterdam (Oude Westen),"€2,155 per month",107 m²,4 rooms,Upholstered
Flat Kruisplein,3012 CC Rotterdam (Cool),"€2,350 per month",68 m²,2 rooms,Furnished
Flat Wijnhaven,3011 WH Rotterdam (Stadsdriehoek),"€3,000 per month",144 m²,4 rooms,Furnished
Flat Boompjes,3011 XZ Rotterdam (Stadsdriehoek),"€2,000 per month",60 m²,2 rooms,Furnished
Flat Westzeedijk 509 K,3024 EL Rotterdam (Delfshaven),"€1,523 per month",78 m²,3 rooms,
Flat Grotemarkt,3011 PA Rotterdam (Stadsdriehoek),"€3,500 per month",125 m²,4 rooms,Furnished
Flat Willem Molenbroekplein,3071 MK Rotterdam (Kop van Zuid),"€2,150 per month",87 m²,3 rooms,Furnished
Flat Palladiostraat,3066 AH Rotterdam (Prinsenland),"€1,145 per month",56 m²,3 rooms,
Flat Jufferstraat 21 M,3011 XL Rotterdam (Stadsdriehoek),"€1,900 per month",62 m²,2 rooms,Upholstered
Flat Mijnsherenlaan,3081 CK Rotterdam (Tarwewijk),"€1,800 per month",91 m²,3 rooms,
Flat Rochussenstraat 289 C,3023 DE Rotterdam (Nieuwe Westen),"€2,150 per month",116 m²,5 rooms,Upholstered
Flat Mauritsstraat,3012 CH Rotterdam (Cool),"€1,650 per month",30 m²,2 rooms,Furnished
Flat Bergweg 138 A 02,3036 BJ Rotterdam (Oude Noorden),"€1,995 per month",128 m²,6 rooms,Upholstered
Flat G.H. Betzweg,3068 AZ Rotterdam (Oosterflank),"€1,405 per month",56 m²,2 rooms,Furnished
Flat Vijverhofstraat,3032 SM Rotterdam (Agniesebuurt),"€1,295 per month",26 m²,2 rooms,Furnished
Flat Piekstraat 233,3071 EL Rotterdam (Feijenoord),"€2,250 per month",93 m²,3 rooms,Upholstered
Flat Piekstraat 183,3071 EL Rotterdam (Feijenoord),"€1,850 per month",72 m²,2 rooms,Upholstered
Flat Piekstraat 179,3071 EL Rotterdam (Feijenoord),"€2,475 per month",103 m²,3 rooms,Upholstered
Flat Piekstraat 117,3071 EL Rotterdam (Feijenoord),"€2,475 per month",109 m²,3 rooms,Upholstered
Flat Piekstraat 211,3071 EL Rotterdam (Feijenoord),"€2,475 per month",106 m²,3 rooms,Upholstered
Flat Piekstraat 109,3071 EL Rotterdam (Feijenoord),"€2,250 per month",91 m²,3 rooms,Upholstered
Flat Piekstraat 143,3071 EL Rotterdam (Feijenoord),"€1,995 per month",82 m²,2 rooms,Upholstered
Flat Randstraat 7,3074 BE Rotterdam (Hillesluis),"€1,000 per month",59 m²,3 rooms,Upholstered
Flat André van der Louwbrug,3011 WM Rotterdam (Stadsdriehoek),"€1,716 per month",55 m²,2 rooms,
Flat Luzacstraat 5 A 02,3038 VT Rotterdam (Bergpolder),"€1,281 per month",72 m²,3 rooms,Upholstered
Flat Müllerkade,3024 EP Rotterdam (Schiemond),"€1,895 per month",65 m²,3 rooms,Upholstered
Flat Ceintuurbaan 167,3051 KC Rotterdam (Hillegersberg Zuid),"€1,994 per month",98 m²,5 rooms,Upholstered
Flat Schieweg 183 A 03,3038 AS Rotterdam (Bergpolder),"€2,195 per month",90 m²,3 rooms,Upholstered
Flat Vissersdijk,3011 GW Rotterdam (Stadsdriehoek),"€2,950 per month",147 m²,4 rooms,Furnished
Studio Eendrachtsweg,3012 LG Rotterdam (Cool),"€1,850 per month",50 m²,1 room,Furnished
Flat Philips Willemstraat,3051 PR Rotterdam (Hillegersberg Zuid),"€1,395 per month",50 m²,2 rooms,Furnished
Flat Baan,3011 CB Rotterdam (Stadsdriehoek),"€2,495 per month",76 m²,3 rooms,Upholstered
Flat Baan,3011 CB Rotterdam (Stadsdriehoek),"€2,395 per month",73 m²,3 rooms,Upholstered
Flat Paradijslaan,3034 ST Rotterdam (Nieuw Crooswijk),"€1,795 per month",76 m²,2 rooms,Upholstered
Flat Crooswijksesingel,3034 CH Rotterdam (Rubroek),"€2,484 per month",101 m²,3 rooms,Furnished
Studio Spoorsingel,3033 GL Rotterdam (Provenierswijk),"€1,100 per month",25 m²,2 rooms,Furnished
Studio Mathenesserweg,3027 HG Rotterdam (Spangen),"€1,200 per month",38 m²,2 rooms,Furnished
Flat Pompenburg,3032 EM Rotterdam (Oude Noorden),"€2,500 per month",91 m²,3 rooms,Furnished
Flat Robert Baeldestraat,3061 TH Rotterdam (Kralingen West),"€1,022 per month",92 m²,4 rooms,Furnished
Studio Westblaak,3012 KC Rotterdam (Cool),€575 per month,23 m²,2 rooms,Furnished
Flat G.H. Betzweg,3068 AZ Rotterdam (Oosterflank),"€1,335 per month",45 m²,2 rooms,Furnished
Flat Kruisplein,3012 CC Rotterdam (Cool),"€3,295 per month",125 m²,3 rooms,Furnished
Flat Amethiststraat,3051 VB Rotterdam (Hillegersberg Zuid),"€2,100 per month",102 m²,3 rooms,Furnished
House Kees van Hasseltstraat,3056 PC Rotterdam (Terbregge),"€3,475 per month",169 m²,5 rooms,Furnished
Flat Handelsplein,3071 PR Rotterdam (Kop van Zuid - Entrepot),"€1,850 per month",105 m²,2 rooms,Upholstered
Flat Wijnbrugstraat,3011 XW Rotterdam (Stadsdriehoek),"€2,395 per month",86 m²,3 rooms,Upholstered
Flat Weena 21 D,3013 CB Rotterdam (Stadsdriehoek),"€2,250 per month",90 m²,3 rooms,Furnished
Flat Insulindestraat 73 B 02,3038 JE Rotterdam (Bergpolder),"€1,990 per month",100 m²,3 rooms,Furnished
Flat Kruisplein,3012 CC Rotterdam (Cool),"€2,380 per month",87 m²,3 rooms,Furnished
Flat Philips Willemstraat,3051 PN Rotterdam (Hillegersberg Zuid),"€1,800 per month",75 m²,3 rooms,Upholstered
Flat Baan 34 A 12,3011 CB Rotterdam (Stadsdriehoek),"€1,850 per month",44 m²,2 rooms,Upholstered
Flat Van der Palmstraat 72,3022 VZ Rotterdam (Nieuwe Westen),"€1,400 per month",84 m²,3 rooms,
House Amerbachstraat,3045 RE Rotterdam (Hillegersberg Zuid),"€2,995 per month",184 m²,5 rooms,Furnished
Flat Cleyburchstraat,3039 DA Rotterdam (Blijdorp),"€1,020 per month",55 m²,2 rooms,Upholstered
Flat Oranjeboomstraat,3071 BA Rotterdam (Feijenoord),"€3,295 per month",111 m²,4 rooms,Furnished
Flat Mauritsstraat,3012 CJ Rotterdam (Cool),"€1,308 per month",55 m²,2 rooms,Upholstered
Flat Müllerkade,3024 EP Rotterdam (Schiemond),"€1,895 per month",65 m²,3 rooms,Upholstered
Flat Gedempte Zalmhaven,3011 BT Rotterdam (Stadsdriehoek),"€2,370 per month",100 m²,3 rooms,Furnished
Flat Abraham Tuschinskistraat 37,3015 GK Rotterdam (Dijkzigt),"€2,400 per month",70 m²,2 rooms,Upholstered
Flat Kratonkade,3024 EX Rotterdam (Schiemond),"€2,200 per month",82 m²,3 rooms,Furnished
Flat Laan op Zuid,3072 DB Rotterdam (Afrikaanderwijk),"€1,528 per month",87 m²,3 rooms,Furnished
Flat Lepelaarsingel,3083 KP Rotterdam (Carnisse),€531 per month,12 m²,1 room,Furnished
Flat Heymansstraat 55,3076 CE Rotterdam (Lombardijen),€974 per month,65 m²,4 rooms,Shell
Flat Dr. de Visserstraat 84 B2,3038 TX Rotterdam (Bergpolder),"€1,695 per month",97 m²,2 rooms,Furnished
Flat Pretorialaan,3072 ER Rotterdam (Afrikaanderwijk),"€1,865 per month",89 m²,4 rooms,Upholstered
Flat Charlotte de Bourbonlaan,3062 GB Rotterdam (Kralingen Oost),"€2,800 per month",147 m²,7 rooms,Upholstered
House Graaf Florisstraat 76 B,3021 CK Rotterdam (Middelland),"€2,795 per month",143 m²,4 rooms,Furnished
Flat Scheepstimmermanslaan,3016 AD Rotterdam (Nieuwe Werk),"€1,795 per month",76 m²,3 rooms,Upholstered
Flat Boomgaardhof,3012 JJ Rotterdam (Cool),"€2,350 per month",77 m²,3 rooms,Upholstered
Flat Hoogstraat,3011 PH Rotterdam (Stadsdriehoek),"€1,095 per month",56 m²,3 rooms,Upholstered or furnished
Flat Stadhoudersweg,3039 CC Rotterdam (Blijdorp),"€1,595 per month",69 m²,2 rooms,Furnished
Flat Boezemsingel,3034 EA Rotterdam (Oud Crooswijk),"€2,475 per month",61 m²,4 rooms,Upholstered
Flat Cleyburchstraat 28 A,3039 DD Rotterdam (Blijdorp),€750 per month,98 m²,3 rooms,Furnished
Flat Deensestraat 18 C,3028 GH Rotterdam (Oud Mathenesse),€807 per month,54 m²,3 rooms,Upholstered
Flat Baan 42 H,3011 CC Rotterdam (Stadsdriehoek),"€1,850 per month",69 m²,2 rooms,Upholstered
Flat Wilhelminakade,3072 AP Rotterdam (Kop van Zuid),"€2,995 per month",75 m²,2 rooms,Furnished
Flat Vierambachtsstraat,3022 AC Rotterdam (Nieuwe Westen),"€1,200 per month",30 m²,2 rooms,Furnished
Flat Kortenaerstraat,3012 VE Rotterdam (Cool),"€2,095 per month",74 m²,3 rooms,Furnished
Flat Rosestraat,3071 AL Rotterdam (Kop van Zuid - Entrepot),"€2,750 per month",110 m²,4 rooms,Furnished
Flat Verschoorstraat 68 A01 (AZ,3081 JZ Rotterdam (Tarwewijk),€776 per month,20 m²,1 room,Upholstered
Flat Cornelis Bloemaertsingel,3067 NL Rotterdam (Het Lage Land),"€1,750 per month",90 m²,3 rooms,Furnished
House Kees van Hasseltstraat 12,3056 PC Rotterdam (Terbregge),"€4,900 per month",168 m²,6 rooms,Upholstered or furnished
Room Oostzeedijk 336 A 2,3063 CC Rotterdam (Struisenburg),€642 per month,14 m²,9 rooms,Upholstered
Flat Wijnbrugstraat,3011 XW Rotterdam (Stadsdriehoek),"€2,300 per month",70 m²,3 rooms,Furnished
Flat Wijnbrugstraat,3011 XW Rotterdam (Stadsdriehoek),"€2,400 per month",75 m²,3 rooms,Furnished
Flat Kruisplein,3012 CC Rotterdam (Cool),"€1,975 per month",65 m²,2 rooms,Upholstered
Flat Schiedamsesingel,3012 BC Rotterdam (Cool),"€2,500 per month",88 m²,2 rooms,Upholstered
Flat Müllerkade,3024 EP Rotterdam (Schiemond),"€1,895 per month",65 m²,3 rooms,Upholstered
Flat Mauritsstraat,3012 CH Rotterdam (Cool),"€2,232 per month",37 m²,3 rooms,Furnished
Flat Buitenbassinweg,3063 TN Rotterdam (De Esch),"€2,400 per month",90 m²,3 rooms,Furnished
Flat 's-Gravenweg,3065 SC Rotterdam ('s-Gravenland),"€1,099 per month",57 m²,2 rooms,Upholstered
Flat Baan,3011 CB Rotterdam (Stadsdriehoek),"€2,750 per month",78 m²,3 rooms,Furnished
Flat Hoogstraat,3011 PE Rotterdam (Stadsdriehoek),"€1,830 per month",66 m²,3 rooms,Furnished
Flat Boompjes,3011 XZ Rotterdam (Stadsdriehoek),"€2,450 per month",76 m²,3 rooms,Upholstered
Room Westblaak,3012 KC Rotterdam (Cool),€457 per month,15 m²,1 room,Furnished
Flat Tollensstraat,3035 NK Rotterdam (Oude Noorden),"€2,400 per month",89 m²,4 rooms,Upholstered
Studio Oudedijk,3061 AB Rotterdam (Kralingen West),"€1,475 per month",20 m²,1 room,Furnished
Flat Staalstraat,3072 AR Rotterdam (Katendrecht),"€2,250 per month",99 m²,4 rooms,Upholstered
Flat De Lairesselaan,3062 PJ Rotterdam (Kralingen Oost),"€2,075 per month",100 m²,3 rooms,Furnished
Flat Regenboogkade,3077 CX Rotterdam (Oud IJsselmonde),"€2,373 per month",88 m²,3 rooms,Upholstered
Flat Ebenhaëzerstraat,3083 RP Rotterdam (Carnisse),€520 per month,28 m²,1 room,Furnished
Flat Wolphaertstraat 62 B,3082 BR Rotterdam (Oud Charlois),"€1,800 per month",50 m²,2 rooms,Furnished
Flat Oranjeboomstraat,3071 BA Rotterdam (Feijenoord),"€1,995 per month",78 m²,2 rooms,Furnished
Flat Karl Weisbardstraat,3015 GM Rotterdam (Dijkzigt),"€3,250 per month",80 m²,3 rooms,Furnished
Flat Wilhelminakade,3072 AP Rotterdam (Kop van Zuid),"€3,495 per month",78 m²,2 rooms,Furnished
Flat Schuttersstraat,3034 RJ Rotterdam (Nieuw Crooswijk),"€1,995 per month",96 m²,3 rooms,Upholstered
Flat Nieuwe Binnenweg,3023 EZ Rotterdam (Nieuwe Westen),"€1,995 per month",96 m²,3 rooms,Upholstered
Flat Boomgaardhof,3012 JJ Rotterdam (Cool),"€2,175 per month",75 m²,2 rooms,Upholstered
Flat Laan op Zuid,3071 AB Rotterdam (Kop van Zuid - Entrepot),"€2,560 per month",100 m²,4 rooms,Furnished
Flat Ungerplein,3033 BR Rotterdam (Provenierswijk),"€1,841 per month",52 m²,3 rooms,Furnished
Flat Ungerplein,3033 BR Rotterdam (Provenierswijk),"€1,642 per month",55 m²,3 rooms,Furnished
Flat Ungerplein,3033 BR Rotterdam (Provenierswijk),"€1,841 per month",67 m²,3 rooms,Furnished
Flat Ungerplein,3033 BR Rotterdam (Provenierswijk),"€3,350 per month",86 m²,4 rooms,Furnished
Flat Ungerplein,3033 BR Rotterdam (Provenierswijk),"€1,821 per month",60 m²,3 rooms,Furnished
House Virginia Gaaipad,3084 BV Rotterdam (Zuiderpark),"€2,750 per month",155 m²,7 rooms,Furnished
Flat Honingerdijk,3063 AH Rotterdam (Struisenburg),"€2,600 per month",106 m²,4 rooms,Upholstered
Flat Ungerplein,3033 BR Rotterdam (Provenierswijk),"€3,450 per month",89 m²,4 rooms,Furnished
Flat Ungerplein,3033 BR Rotterdam (Provenierswijk),"€1,901 per month",60 m²,3 rooms,Furnished
Flat Müllerkade,3024 EP Rotterdam (Schiemond),"€1,895 per month",65 m²,3 rooms,Upholstered
Flat Ungerplein,3033 BR Rotterdam (Provenierswijk),"€1,732 per month",67 m²,3 rooms,Furnished
Flat Ungerplein,3033 BR Rotterdam (Provenierswijk),"€2,100 per month",78 m²,2 rooms,Furnished
Flat De Monchyplein,3072 MM Rotterdam (Kop van Zuid),"€2,850 per month",85 m²,3 rooms,Furnished
Flat Boomgaardhof,3012 JJ Rotterdam (Cool),"€2,195 per month",73 m²,2 rooms,Upholstered
Flat Mauritsweg,3012 JV Rotterdam (Cool),"€2,495 per month",50 m²,2 rooms,Furnished
Flat Nancy Zeelenbergsingel 98,3066 GA Rotterdam (Prinsenland),"€4,500 per month",134 m²,3 rooms,
Flat Mathenesserweg,3027 HN Rotterdam (Spangen),"€2,175 per month",101 m²,5 rooms,Upholstered
Flat Nancy Zeelenbergsingel,3066 GA Rotterdam (Prinsenland),"€4,500 per month",134 m²,3 rooms,Furnished
Flat Maashaven N.z. 665,3072 AE Rotterdam (Katendrecht),"€2,950 per month",125 m²,4 rooms,Furnished
Flat Vredehofweg 36 B L,3062 EP Rotterdam (Kralingen Oost),"€2,950 per month",115 m²,4 rooms,Upholstered or furnished
Studio Westblaak,3012 KC Rotterdam (Cool),€760 per month,41 m²,2 rooms,Furnished
Flat Ungerplein,3033 BR Rotterdam (Provenierswijk),"€2,195 per month",86 m²,3 rooms,Furnished
Flat Insulindestraat,3038 JG Rotterdam (Bergpolder),"€2,050 per month",98 m²,3 rooms,Furnished
Flat Molenvliet,3076 CL Rotterdam (Lombardijen),"€2,255 per month",86 m²,4 rooms,Furnished
Flat Voermanweg,3067 JW Rotterdam (Oosterflank),"€1,895 per month",93 m²,3 rooms,Upholstered
Flat Van Oldenbarneveltstraat 135 B 02,3012 GT Rotterdam (Cool),"€2,150 per month",50 m²,2 rooms,Furnished
Flat Noorderhavenkade 155 C 02,3039 RR Rotterdam (Blijdorp),"€2,350 per month",78 m²,3 rooms,Furnished
Flat Bundweg 35,3072 JX Rotterdam (Katendrecht),"€1,547 per month",65 m²,2 rooms,Upholstered
Flat Spinozaweg,3076 EN Rotterdam (Lombardijen),"€1,122 per month",74 m²,3 rooms,Shell
Flat Strevelsweg 57 A,3073 DT Rotterdam (Bloemhof),€972 per month,55 m²,2 rooms,
Flat Goudse Rijweg,3031 CK Rotterdam (Rubroek),"€2,295 per month",92 m²,3 rooms,Furnished
Room Miltonstraat,3076 TH Rotterdam (Lombardijen),€520 per month,10 m²,1 room,Upholstered
Flat Kruiskade 119 G,3012 EG Rotterdam (Cool),"€2,180 per month",84 m²,2 rooms,Upholstered
Flat Churchillplein,3011 EW Rotterdam (Stadsdriehoek),"€2,350 per month",96 m²,3 rooms,
Room Fazantstraat,3083 ZJ Rotterdam (Carnisse),€620 per month,56 m²,1 room,Upholstered
Flat Wilbertoord,3079 JT Rotterdam (Groot IJsselmonde),"€1,016 per month",69 m²,2 rooms,Upholstered
House Voorstraat,3024 RS Rotterdam (Delfshaven),"€3,100 per month",144 m²,6 rooms,Shell
Flat Kabelhof,3072 WJ Rotterdam (Katendrecht),"€2,200 per month",110 m²,3 rooms,Upholstered
Flat Pretorialaan,3072 EE Rotterdam (Afrikaanderwijk),€995 per month,75 m²,3 rooms,Upholstered
Flat Karel Doormanstraat,3012 GD Rotterdam (Cool),"€2,195 per month",74 m²,3 rooms,Furnished
Flat Müllerkade,3024 EP Rotterdam (Schiemond),"€1,895 per month",65 m²,3 rooms,Upholstered
Flat Burgemeester Roosstraat,3035 AC Rotterdam (Oude Noorden),"€1,575 per month",33 m²,2 rooms,Furnished
Studio Essenburgsingel,3022 EM Rotterdam (Nieuwe Westen),"€1,275 per month",31 m²,2 rooms,Furnished
Flat Crooswijksesingel,3034 CH Rotterdam (Rubroek),"€2,490 per month",109 m²,3 rooms,Furnished
Flat Schiedamse Vest,3011 BG Rotterdam (Cool),"€2,250 per month",151 m²,3 rooms,Upholstered
House Van der Kloot Meyburgstraat,3067 EP Rotterdam (Het Lage Land),"€2,495 per month",123 m²,6 rooms,Furnished
Flat Frederikstraat 542,3034 LN Rotterdam (Oud Crooswijk),€900 per month,37 m²,2 rooms,Shell
Flat Leo Lashleylaan 40 B,3075 RP Rotterdam (Vreewijk),"€2,495 per month",116 m²,4 rooms,Upholstered
Flat Willem Molenbroekplein,3071 MK Rotterdam (Kop van Zuid),"€2,000 per month",105 m²,3 rooms,
Flat Schiekade,3033 BE Rotterdam (Agniesebuurt),"€2,095 per month",136 m²,2 rooms,Furnished
Flat Frederikstraat 550,3034 LN Rotterdam (Oud Crooswijk),€874 per month,35 m²,2 rooms,Shell
Flat Baljuwplein,3033 XE Rotterdam (Provenierswijk),"€1,995 per month",90 m²,3 rooms,Upholstered
Flat Berberisweg,3053 PL Rotterdam (Schiebroek),"€1,950 per month",114 m²,3 rooms,
House Abraham Kuyperlaan 82 B 02,3038 PN Rotterdam (Bergpolder),"€2,750 per month",114 m²,2 rooms,Furnished
Flat Poolsestraat 19 B,3028 EM Rotterdam (Oud Mathenesse),€787 per month,50 m²,2 rooms,Shell
Room Graaf Florisstraat,3021 CE Rotterdam (Middelland),€759 per month,29 m²,1 room,Upholstered
Flat Prins Hendrikkade 10 N,3071 KB Rotterdam (Noordereiland),"€1,600 per month",76 m²,2 rooms,Upholstered
Flat Kipstraat 51 B,3011 ZX Rotterdam (Stadsdriehoek),"€1,500 per month",70 m²,2 rooms,Shell
Flat 1e Jerichostraat,3061 GD Rotterdam (Kralingen West),"€2,100 per month",80 m²,2 rooms,Upholstered
Flat Wierdsmaplein 38,3072 MD Rotterdam (Kop van Zuid),"€3,495 per month",160 m²,4 rooms,Furnished
Flat Statenweg 62 A,3039 JE Rotterdam (Blijdorp),"€2,750 per month",85 m²,4 rooms,Upholstered
Flat Proveniersstraat,3033 CN Rotterdam (Provenierswijk),"€1,395 per month",25 m²,1 room,Furnished
Room Rubensstraat,3061 ZX Rotterdam (Kralingen West),€600 per month,10 m²,1 room,Upholstered
Flat Lambertusstraat,3062 XA Rotterdam (Kralingen Oost),"€1,995 per month",91 m²,2 rooms,Furnished
Flat West-Kruiskade,3014 AL Rotterdam (Oude Westen),"€1,034 per month",57 m²,2 rooms,Upholstered or furnished
Room Socratesstraat,3076 BZ Rotterdam (Lombardijen),€460 per month,12 m²,1 room,Furnished
Flat Laan op Zuid,3071 AC Rotterdam (Kop van Zuid - Entrepot),"€2,250 per month",118 m²,3 rooms,Furnished
Flat Boergoensevliet,3082 KH Rotterdam (Oud Charlois),"€1,750 per month",83 m²,2 rooms,Furnished
Flat Claes de Vrieselaan,3021 JE Rotterdam (Middelland),"€1,950 per month",67 m²,3 rooms,Furnished
Flat Stadhoudersplein,3039 ER Rotterdam (Blijdorp),"€1,850 per month",85 m²,3 rooms,Upholstered
Flat Boezemsingel,3034 ED Rotterdam (Oud Crooswijk),Price on request,50 m²,2 rooms,Upholstered
Flat Müllerkade,3024 EP Rotterdam (Schiemond),"€1,895 per month",65 m²,3 rooms,Upholstered
Flat Westblaak,3012 KC Rotterdam (Cool),€760 per month,41 m²,2 rooms,Furnished
Flat Gouvernestraat 117 2,3014 PL Rotterdam (Oude Westen),€907 per month,45 m²,3 rooms,Shell
Flat Gouvernestraat 117 1,3014 PL Rotterdam (Oude Westen),€960 per month,45 m²,3 rooms,Shell
Flat Botersloot,3011 HE Rotterdam (Stadsdriehoek),"€2,575 per month",81 m²,3 rooms,Furnished
Flat Moerkerkestraat,3081 RN Rotterdam (Tarwewijk),€807 per month,102 m²,2 rooms,Shell
Flat Laan op Zuid,3071 AC Rotterdam (Kop van Zuid - Entrepot),"€2,175 per month",88 m²,4 rooms,
Flat Bijlwerffstraat 17 A-02,3039 VD Rotterdam (Blijdorp),"€2,950 per month",95 m²,6 rooms,Upholstered
Flat Mattenbiesstraat 92,3056 RH Rotterdam (Terbregge),"€2,550 per month",80 m²,3 rooms,Furnished
Flat Chabotlaan,3055 AE Rotterdam (Molenlaankwartier),"€2,000 per month",101 m²,3 rooms,Furnished
House Zestienhovensekade 197,3043 KM Rotterdam (Overschie),"€2,500 per month",105 m²,3 rooms,Furnished
Flat Karmelweg,3061 KG Rotterdam (Kralingen West),"€1,700 per month",70 m²,3 rooms,Upholstered or furnished
Flat Hoogstraat 88 B,3011 PT Rotterdam (Stadsdriehoek),"€2,750 per month",87 m²,4 rooms,Furnished
Flat Heemraadssingel 237 B,3023 CD Rotterdam (Nieuwe Westen),"€2,995 per month",112 m²,3 rooms,
Flat Admiraliteitskade,3063 EA Rotterdam (Struisenburg),"€2,250 per month",70 m²,4 rooms,Upholstered
Flat Boomgaardhof,3012 JJ Rotterdam (Cool),"€2,350 per month",78 m²,3 rooms,Upholstered
Flat Boomgaardhof,3012 JJ Rotterdam (Cool),"€2,175 per month",79 m²,2 rooms,Upholstered
Flat Baan,3011 CB Rotterdam (Stadsdriehoek),"€3,250 per month",113 m²,3 rooms,Furnished
Flat Socratesstraat,3076 BZ Rotterdam (Lombardijen),"€1,990 per month",55 m²,3 rooms,Furnished
Flat Bruijnstraat,3026 VA Rotterdam (Tussendijken),"€1,449 per month",59 m²,2 rooms,Upholstered
Flat Kralingse Plaslaan,3061 DH Rotterdam (Kralingen West),"€2,150 per month",85 m²,2 rooms,Furnished
Flat Boomgaardhof,3012 JJ Rotterdam (Cool),"€2,195 per month",71 m²,2 rooms,Upholstered
Flat Rijnhavenkade,3072 JS Rotterdam (Katendrecht),"€2,600 per month",81 m²,2 rooms,Furnished
Flat Krabbendijkestraat,3086 LP Rotterdam (Pendrecht),"€1,800 per month",68 m²,4 rooms,Furnished
Flat Kruisplein,3012 CC Rotterdam (Cool),"€2,500 per month",70 m²,2 rooms,Furnished
Flat Van Oldenbarneveltplaats,3012 AJ Rotterdam (Cool),"€1,995 per month",85 m²,3 rooms,Upholstered
Flat Van Oldenbarneveltplaats,3012 AM Rotterdam (Cool),"€2,250 per month",89 m²,4 rooms,Upholstered
Studio Witte de Withstraat,3012 BT Rotterdam (Cool),"€1,325 per month",50 m²,1 room,Furnished
Flat Müllerkade,3024 EP Rotterdam (Schiemond),"€1,895 per month",65 m²,3 rooms,Upholstered
Flat Abraham Kuyperlaan,3038 PD Rotterdam (Bergpolder),"€1,795 per month",50 m²,1 room,Furnished
Flat K.P. van der Mandelelaan,3062 MB Rotterdam (Kralingen Oost),€670 per month,26 m²,1 room,
Flat Müllerkade,3024 EP Rotterdam (Schiemond),"€1,895 per month",65 m²,3 rooms,Upholstered
Flat K.P. van der Mandelelaan,3062 MB Rotterdam (Kralingen Oost),"€1,450 per month",41 m²,2 rooms,
Flat 's-Gravenweg 663,3065 SC Rotterdam ('s-Gravenland),"€3,300 per month",60 m²,3 rooms,Furnished
Flat Sint-Jobskade,3024 EN Rotterdam (Schiemond),"€2,095 per month",97 m²,4 rooms,Upholstered
Flat Paradijslaan,3034 ST Rotterdam (Nieuw Crooswijk),"€1,925 per month",76 m²,3 rooms,Upholstered
Studio Eendrachtsweg,3012 LG Rotterdam (Cool),"€1,875 per month",51 m²,1 room,Furnished
Flat G.H. Betzweg,3068 AZ Rotterdam (Oosterflank),"€1,660 per month",43 m²,2 rooms,Furnished
Flat G.H. Betzweg,3068 AZ Rotterdam (Oosterflank),"€2,285 per month",67 m²,3 rooms,Furnished
Flat Brouwhuisstraat,3071 JE Rotterdam (Feijenoord),"€2,750 per month",83 m²,3 rooms,Furnished
Flat Oostmaaslaan,3063 AP Rotterdam (Struisenburg),"€1,450 per month",70 m²,1 room,Furnished
House Eendrachtsstraat 157 A,3012 XK Rotterdam (Cool),"€2,500 per month",217 m²,5 rooms,Shell
Flat Narcissenstraat,3073 CM Rotterdam (Bloemhof),€925 per month,50 m²,2 rooms,Upholstered
Flat Sint-Jacobsplaats,3011 DD Rotterdam (Stadsdriehoek),"€2,695 per month",68 m²,2 rooms,Furnished
Room Westblaak,3012 KP Rotterdam (Cool),€477 per month,15 m²,1 room,Furnished
Flat Nieuwe Binnenweg 348 A,3023 ES Rotterdam (Nieuwe Westen),"€2,900 per month",165 m²,4 rooms,Upholstered
Flat Westblaak,3012 KP Rotterdam (Cool),€770 per month,40 m²,2 rooms,Furnished
Flat Lisbloemstraat 13 A,3051 TM Rotterdam (Hillegersberg Zuid),"€2,150 per month",76 m²,3 rooms,Furnished
Flat 's-Gravenweg,3065 SC Rotterdam ('s-Gravenland),"€1,395 per month",56 m²,2 rooms,Shell
Flat Baan 34 D 12,3011 CB Rotterdam (Stadsdriehoek),"€1,950 per month",56 m²,2 rooms,Upholstered
Flat Versijdenstraat,3033 TJ Rotterdam (Provenierswijk),€870 per month,39 m²,2 rooms,Upholstered
Flat Stieltjesstraat,3071 JW Rotterdam (Kop van Zuid - Entrepot),"€1,064 per month",30 m²,2 rooms,Shell
Flat Claes de Vrieselaan,3021 JE Rotterdam (Middelland),"€2,945 per month",110 m²,3 rooms,Furnished
Flat Bergselaan 275 D,3038 CD Rotterdam (Bergpolder),"€2,000 per month",94 m²,5 rooms,Upholstered
Flat Baan,3011 CB Rotterdam (Stadsdriehoek),"€3,200 per month",75 m²,3 rooms,Furnished
House Laan van Avant-Garde,3059 RA Rotterdam (Nesselande),"€2,700 per month",128 m²,5 rooms,Furnished
Flat Diergaardesingel,3014 AH Rotterdam (Oude Westen),"€2,995 per month",136 m²,4 rooms,Upholstered
Studio Lieve Verschuierstraat,3021 ZD Rotterdam (Middelland),€775 per month,18 m²,1 room,Furnished
House Burgemeester Le Fèvre de Montignylaan,3055 NC Rotterdam (Molenlaankwartier),"€3,650 per month",128 m²,5 rooms,Furnished
Flat Eric Kropstraat,3071 AE Rotterdam (Kop van Zuid - Entrepot),"€2,750 per month",140 m²,2 rooms,Furnished
Flat Grote Visserijstraat,3026 CD Rotterdam (Tussendijken),"€1,950 per month",113 m²,3 rooms,Upholstered
Studio Willemsplein 565,3016 DN Rotterdam (Nieuwe Werk),"€2,595 per month",57 m²,1 room,Furnished
Flat Müllerkade,3024 EP Rotterdam (Schiemond),"€1,895 per month",65 m²,3 rooms,Upholstered
Flat Piekstraat 263,3071 EL Rotterdam (Feijenoord),"€1,950 per month",71 m²,2 rooms,Upholstered
Flat Theseusstraat,3054 RZ Rotterdam (Hillegersberg Noord),"€3,995 per month",133 m²,4 rooms,Furnished
Flat Jan Pettersonstraat,3077 MN Rotterdam (Oud IJsselmonde),"€2,495 per month",90 m²,3 rooms,Furnished
Flat Laan op Zuid 674,3071 AB Rotterdam (Kop van Zuid - Entrepot),"€2,050 per month",96 m²,4 rooms,Furnished
Flat Tandwielstraat 609,3083 AV Rotterdam (Vreewijk),€870 per month,34 m²,1 room,Upholstered
Flat Claes de Vrieselaan,3021 JA Rotterdam (Middelland),"€1,750 per month",60 m²,2 rooms,Furnished
Flat Sint-Jobstraat,3024 EG Rotterdam (Schiemond),"€1,900 per month",100 m²,2 rooms,Furnished
Flat Wilhelminakade,3072 AP Rotterdam (Kop van Zuid),"€2,674 per month",83 m²,2 rooms,Furnished
Flat Oppert,3011 HV Rotterdam (Stadsdriehoek),"€2,650 per month",95 m²,3 rooms,Furnished
House Paulus Potterstraat,3061 ZW Rotterdam (Kralingen West),"€2,495 per month",113 m²,6 rooms,
House Ribeslaan,3053 MN Rotterdam (Schiebroek),"€2,995 per month",164 m²,6 rooms,Upholstered
Flat Frits Ruysstraat,3061 MC Rotterdam (Kralingen West),"€1,048 per month",50 m²,2 rooms,Furnished
Flat Wilgenplaslaan,3052 SM Rotterdam (Schiebroek),€900 per month,63 m²,2 rooms,
Flat Karl Weisbardstraat,3015 GM Rotterdam (Dijkzigt),"€2,995 per month",68 m²,2 rooms,Furnished
Flat Blaak,3011 GB Rotterdam (Stadsdriehoek),"€1,640 per month",88 m²,3 rooms,
Flat Blaak,3011 GB Rotterdam (Stadsdriehoek),"€1,050 per month",45 m²,2 rooms,
Flat Blaak,3011 GB Rotterdam (Stadsdriehoek),"€1,299 per month",60 m²,2 rooms,
Flat Schieweg,3038 BR Rotterdam (Bergpolder),"€2,495 per month",101 m²,4 rooms,Upholstered
House Wemeldingestraat,3086 JT Rotterdam (Pendrecht),"€3,600 per month",62 m²,6 rooms,Upholstered
Flat Berkelselaan,3037 PD Rotterdam (Liskwartier),"€2,495 per month",119 m²,4 rooms,Furnished
Flat Oudedijk,3061 AB Rotterdam (Kralingen West),"€1,649 per month",65 m²,1 room,Furnished
Flat Diogenesstraat,3076 AC Rotterdam (Lombardijen),€999 per month,70 m²,4 rooms,
Flat Zanglijsterstraat,3084 NT Rotterdam (Zuiderpark),"€1,650 per month",82 m²,3 rooms,Upholstered
Flat Gedempte Zalmhaven 452,3016 DT Rotterdam (Nieuwe Werk),"€9,500 per month",303 m²,5 rooms,Upholstered
Flat Chabotlaan,3055 AG Rotterdam (Molenlaankwartier),"€2,095 per month",83 m²,3 rooms,Upholstered
Studio Westblaak,3012 KP Rotterdam (Cool),€595 per month,23 m²,2 rooms,Furnished
Flat Jan Evertsenplaats,3012 HN Rotterdam (Cool),"€2,594 per month",95 m²,3 rooms,Furnished
Flat Van der Meydestraat,3039 TG Rotterdam (Blijdorp),"€2,150 per month",92 m²,3 rooms,Furnished
House Van der Kloot Meyburgstraat,3067 EP Rotterdam (Het Lage Land),"€2,475 per month",132 m²,4 rooms,Furnished
Flat Baan 44 E,3011 CC Rotterdam (Stadsdriehoek),"€2,095 per month",71 m²,3 rooms,Upholstered
Flat Müllerkade,3024 EP Rotterdam (Schiemond),"€1,895 per month",65 m²,3 rooms,Upholstered
Flat Westerstraat,3016 DH Rotterdam (Nieuwe Werk),"€2,700 per month",105 m²,4 rooms,Upholstered
Flat Kruisplein,3012 CC Rotterdam (Cool),"€2,500 per month",65 m²,2 rooms,Furnished
Flat Piekstraat,3071 EL Rotterdam (Feijenoord),"€2,750 per month",115 m²,3 rooms,Upholstered
Flat Gedempte Zalmhaven,3016 DT Rotterdam (Nieuwe Werk),"€2,350 per month",87 m²,2 rooms,Upholstered
Flat Gedempte Zalmhaven,3016 DT Rotterdam (Nieuwe Werk),"€2,350 per month",87 m²,2 rooms,Upholstered
Flat Lodewijk Pincoffsweg 390,3071 AS Rotterdam (Kop van Zuid - Entrepot),"€2,600 per month",138 m²,3 rooms,Upholstered
Flat De Lairesselaan,3062 PG Rotterdam (Kralingen Oost),Price on request,74 m²,2 rooms,Furnished
Studio Granadoslaan,3055 RB Rotterdam (Molenlaankwartier),Price on request,36 m²,1 room,Furnished
Flat Watergeusstraat,3025 HS Rotterdam (Bospolder),"€2,350 per month",80 m²,3 rooms,Furnished
Flat Schepenstraat,3039 NA Rotterdam (Blijdorp),"€2,100 per month",68 m²,4 rooms,Furnished
Flat Jufferkade 24,3011 VW Rotterdam (Stadsdriehoek),"€1,995 per month",75 m²,3 rooms,Furnished
House Sophie Redmondstraat 28,3076 DJ Rotterdam (Lombardijen),"€3,495 per month",145 m²,5 rooms,Furnished
Flat Spireastraat,3053 DX Rotterdam (Schiebroek),"€2,700 per month",106 m²,3 rooms,Furnished
Flat Bulgersteyn,3011 AB Rotterdam (Stadsdriehoek),"€2,650 per month",91 m²,3 rooms,Furnished
Flat Baan,3011 CB Rotterdam (Stadsdriehoek),"€3,300 per month",105 m²,3 rooms,Upholstered
House Gdyniapad,3067 RN Rotterdam (Oosterflank),"€2,300 per month",133 m²,6 rooms,Upholstered
Flat Schiedamsedijk,3011 EM Rotterdam (Stadsdriehoek),"€2,895 per month",90 m²,3 rooms,Furnished
Flat Mauritsplaats,3012 CD Rotterdam (Cool),"€2,000 per month",77 m²,3 rooms,Upholstered or furnished
Flat Rodenrijsestraat 25 A,3037 NB Rotterdam (Liskwartier),"€2,495 per month",90 m²,3 rooms,
Flat Kruiskade,3012 EG Rotterdam (Cool),"€1,625 per month",84 m²,2 rooms,Upholstered
Flat Kruiskade,3012 EG Rotterdam (Cool),"€1,506 per month",81 m²,2 rooms,Upholstered
Flat Sint-Jacobsplaats,3011 DD Rotterdam (Stadsdriehoek),"€2,495 per month",85 m²,3 rooms,Furnished
Flat Boergoensevliet 121 B,3082 KL Rotterdam (Oud Charlois),"€2,195 per month",104 m²,3 rooms,Furnished
Flat Adriaan Kooningsstraat,3077 ML Rotterdam (Oud IJsselmonde),"€2,500 per month",118 m²,3 rooms,Furnished
Flat Goudsesingel 326 D,3011 KJ Rotterdam (Stadsdriehoek),"€2,150 per month",64 m²,2 rooms,Furnished
Studio Eendrachtsweg,3012 LG Rotterdam (Cool),"€1,770 per month",50 m²,1 room,Furnished
Flat Scheepstimmermanslaan,3016 AD Rotterdam (Nieuwe Werk),Price on request,86 m²,3 rooms,Furnished
House Burgemeester Le Fèvre de Montignylaan,3055 NC Rotterdam (Molenlaankwartier),"€3,400 per month",130 m²,5 rooms,
House Bergsingel,3037 GB Rotterdam (Liskwartier),"€2,995 per month",223 m²,8 rooms,Upholstered
Flat Schiekade,3032 AX Rotterdam (Agniesebuurt),"€2,200 per month",87 m²,3 rooms,Upholstered
Flat Müllerkade,3024 EP Rotterdam (Schiemond),"€1,895 per month",65 m²,3 rooms,Upholstered
Flat Boompjes 624,3011 XZ Rotterdam (Stadsdriehoek),"€2,750 per month",79 m²,3 rooms,Furnished
Flat Korte Hoogstraat 11 B,3011 GJ Rotterdam (Stadsdriehoek),"€2,365 per month",60 m²,2 rooms,Furnished
Flat Abraham Kuyperlaan,3038 PK Rotterdam (Bergpolder),"€2,343 per month",78 m²,2 rooms,Furnished
Flat 's-Gravendijkwal,3021 EA Rotterdam (Middelland),"€1,850 per month",60 m²,3 rooms,Upholstered
Flat Statenweg 123 b 1,3039 HK Rotterdam (Blijdorp),"€1,483 per month",75 m²,3 rooms,Shell
Flat Kruiskade 119 K,3012 EG Rotterdam (Cool),"€2,130 per month",81 m²,3 rooms,Upholstered
Flat Oranjeboomstraat 4 D,3071 BA Rotterdam (Feijenoord),"€1,850 per month",76 m²,2 rooms,Furnished
House Blommersdijkselaan,3036 NC Rotterdam (Oude Noorden),"€2,645 per month",116 m²,4 rooms,Furnished
Flat Baan,3011 CB Rotterdam (Stadsdriehoek),"€3,200 per month",86 m²,3 rooms,Furnished
Flat Stroveer,3032 GB Rotterdam (Oude Noorden),"€1,750 per month",111 m²,4 rooms,Furnished
Flat Zweedsestraat 133 A 02,3028 TS Rotterdam (Oud Mathenesse),"€1,950 per month",100 m²,4 rooms,
Flat Hondiusstraat,3021 NJ Rotterdam (Middelland),"€1,290 per month",70 m²,3 rooms,Upholstered
Room Miltonstraat,3076 TH Rotterdam (Lombardijen),€513 per month,10 m²,1 room,Upholstered
Flat Baan,3011 CB Rotterdam (Stadsdriehoek),"€2,695 per month",90 m²,3 rooms,Furnished
Room Admiraal de Ruyterweg 40 E 2,3031 AD Rotterdam (Rubroek),€541 per month,64 m²,1 room,Upholstered
Flat Kruisplein,3012 CC Rotterdam (Cool),"€3,200 per month",71 m²,3 rooms,Furnished
Flat Kruisplein,3012 CC Rotterdam (Cool),"€2,695 per month",89 m²,3 rooms,Furnished
Room Bergweg,3037 EJ Rotterdam (Liskwartier),"€1,294 per month",101 m²,3 rooms,Furnished
Flat Middellandplein,3021 BV Rotterdam (Middelland),"€1,425 per month",35 m²,2 rooms,Furnished
Flat Nolensstraat,3039 PK Rotterdam (Blijdorp),"€1,995 per month",120 m²,4 rooms,Upholstered
Studio Eendrachtsweg,3012 LG Rotterdam (Cool),"€1,675 per month",30 m²,1 room,Furnished
Flat Kruiskade,3012 EG Rotterdam (Cool),"€1,925 per month",108 m²,3 rooms,Upholstered
Flat Eendrachtsweg,3012 LB Rotterdam (Cool),"€2,195 per month",134 m²,3 rooms,
Flat Kerkstraat,3054 NC Rotterdam (Hillegersberg Noord),"€2,150 per month",80 m²,3 rooms,Furnished
Flat Delistraat,3072 ZK Rotterdam (Katendrecht),"€2,500 per month",139 m²,4 rooms,Upholstered
Flat Prins Frederikplein,3071 KS Rotterdam (Noordereiland),"€2,350 per month",120 m²,4 rooms,Upholstered
Flat Baan,3011 CB Rotterdam (Stadsdriehoek),"€1,950 per month",53 m²,2 rooms,Upholstered
Flat Gerard Scholtenstraat,3035 SC Rotterdam (Oude Noorden),"€2,395 per month",95 m²,3 rooms,Furnished
Flat Lloydstraat 102,3024 EA Rotterdam (Schiemond),"€2,650 per month",144 m²,2 rooms,
Flat Bierens de Haanweg,3076 DB Rotterdam (Lombardijen),"€2,495 per month",115 m²,5 rooms,Furnished
Flat Müllerkade,3024 EP Rotterdam (Schiemond),"€1,895 per month",65 m²,3 rooms,Upholstered
Flat Abraham Kuyperlaan,3038 PK Rotterdam (Bergpolder),"€1,943 per month",60 m²,2 rooms,Furnished
Studio Eendrachtsweg,3012 LG Rotterdam (Cool),"€1,895 per month",50 m²,1 room,Furnished
Flat Zwart Janstraat,3035 AS Rotterdam (Oude Noorden),"€2,145 per month",50 m²,3 rooms,Upholstered
Flat Burgemeester Meineszlaan,3022 BA Rotterdam (Nieuwe Westen),"€2,050 per month",104 m²,3 rooms,Furnished
Flat Van Vollenhovenstraat,3016 BJ Rotterdam (Nieuwe Werk),"€2,300 per month",70 m²,2 rooms,Furnished
Flat 's-Gravendijkwal,3014 EH Rotterdam (Middelland),"€1,550 per month",32 m²,2 rooms,Upholstered or furnished
Room Oostzeedijk 336 B 9,3063 CC Rotterdam (Struisenburg),€685 per month,15 m²,9 rooms,Upholstered
Flat Houtlaan,3016 DA Rotterdam (Nieuwe Werk),"€5,995 per month",192 m²,5 rooms,Furnished
Flat Kortenaerstraat,3012 VE Rotterdam (Cool),"€1,895 per month",69 m²,2 rooms,Furnished
Flat Kobelaan,3067 MD Rotterdam (Oosterflank),"€2,150 per month",66 m²,3 rooms,Furnished
Flat Tandwielstraat 525,3083 AV Rotterdam (Vreewijk),€780 per month,25 m²,1 room,Furnished
Room Kerkwervesingel 263,3086 HN Rotterdam (Pendrecht),€750 per month,23 m²,1 room,Upholstered
"Studio Diergaardesingel 87 B, kamer 6",3014 HA Rotterdam (Oude Westen),€379 per month,13 m²,1 room,
Flat Schalkeroord,3079 WB Rotterdam (Groot IJsselmonde),"€2,495 per month",80 m²,4 rooms,Furnished
House Diepenbrocklaan 73,3055 WB Rotterdam (Molenlaankwartier),"€3,450 per month",147 m²,6 rooms,Upholstered
Flat Sonmansstraat 126 A-01,3039 DP Rotterdam (Blijdorp),"€2,950 per month",107 m²,4 rooms,Upholstered
Studio Eendrachtsweg,3012 LG Rotterdam (Cool),"€1,775 per month",49 m²,1 room,Furnished
Flat Vierambachtsstraat,3023 AT Rotterdam (Nieuwe Westen),"€1,395 per month",35 m²,2 rooms,Furnished
Flat Oostzeedijk,3063 BK Rotterdam (Struisenburg),Price on request,65 m²,4 rooms,Furnished
Flat Prins Frederikplein,3071 KS Rotterdam (Noordereiland),"€2,750 per month",125 m²,4 rooms,Furnished
Flat Roo-Valkstraat,3032 RC Rotterdam (Agniesebuurt),"€3,495 per month",159 m²,4 rooms,Upholstered or furnished
Flat Pampuskade,3077 ZK Rotterdam (Oud IJsselmonde),"€1,875 per month",89 m²,3 rooms,Shell
Flat Vegastraat,3077 BV Rotterdam (Oud IJsselmonde),"€1,995 per month",88 m²,3 rooms,Furnished
House Ribeslaan,3053 MK Rotterdam (Schiebroek),"€2,650 per month",135 m²,6 rooms,Furnished
House Ringvaartweg,3065 AH Rotterdam ('s-Gravenland),"€10,000 per month",347 m²,6 rooms,Furnished
Room Oostzeedijk 334 B 6,3063 CC Rotterdam (Struisenburg),€839 per month,26 m²,1 room,Upholstered
Flat Prinses Margrietlaan,3051 AX Rotterdam (Hillegersberg Zuid),Price on request,113 m²,5 rooms,Furnished
Flat Kralingse Plaslaan 71,3061 BA Rotterdam (Kralingen West),"€2,600 per month",100 m²,3 rooms,Furnished
Flat Jacob van Campenplein,3067 LD Rotterdam (Het Lage Land),€847 per month,80 m²,3 rooms,
Flat 's-Gravensingel,3062 SB Rotterdam (Kralingen Oost),"€2,300 per month",77 m²,3 rooms,Furnished
Flat Müllerkade,3024 EP Rotterdam (Schiemond),"€1,895 per month",65 m²,3 rooms,Upholstered
Flat Boompjes,3011 XB Rotterdam (Stadsdriehoek),"€3,300 per month",82 m²,3 rooms,Furnished
House Beverwaardseweg,3077 GB Rotterdam (Beverwaard),"€1,995 per month",120 m²,5 rooms,Furnished
Flat Roo-Valkstraat,3032 RC Rotterdam (Agniesebuurt),"€2,535 per month",149 m²,3 rooms,Upholstered or furnished
Flat Boompjes 630,3011 XZ Rotterdam (Stadsdriehoek),"€2,650 per month",75 m²,3 rooms,Furnished
Flat Gedempte Zalmhaven 523,3011 BT Rotterdam (Stadsdriehoek),"€2,250 per month",104 m²,3 rooms,Furnished
House Saskia Stuivelinglaan 11,3034 KT Rotterdam (Nieuw Crooswijk),"€3,750 per month",174 m²,5 rooms,Furnished
Studio Eendrachtsweg,3012 LG Rotterdam (Cool),"€1,825 per month",50 m²,1 room,Furnished
Studio Eendrachtsweg,3012 LG Rotterdam (Cool),"€1,775 per month",50 m²,1 room,Furnished
Flat Westblaak,3012 KE Rotterdam (Cool),"€1,980 per month",78 m²,3 rooms,Upholstered
Flat Grotekerkplein,3011 GD Rotterdam (Stadsdriehoek),"€1,495 per month",34 m²,2 rooms,Furnished
Flat Nobelstraat 101 B 01,3039 SL Rotterdam (Blijdorp),"€2,195 per month",93 m²,5 rooms,Furnished
House Goedenraadweg,3077 EH Rotterdam (Beverwaard),Price on request,119 m²,5 rooms,Furnished
House Alexander Dubcekstraat 8,3065 EJ Rotterdam ('s-Gravenland),"€3,100 per month",200 m²,5 rooms,Upholstered
Flat Weena 201,3013 AL Rotterdam (Cs Kwartier),"€2,650 per month",110 m²,3 rooms,Upholstered
Room Schielaan,3043 HE Rotterdam (Overschie),€680 per month,25 m²,1 room,Upholstered
Flat Wilhelminakade,3072 AP Rotterdam (Kop van Zuid),"€3,995 per month",127 m²,3 rooms,Furnished
Flat Noorderhavenkade,3039 RD Rotterdam (Blijdorp),"€2,145 per month",76 m²,3 rooms,Upholstered
Flat Lombardkade,3011 ZG Rotterdam (Stadsdriehoek),"€2,450 per month",90 m²,3 rooms,Furnished
House Breitnerstraat 107 A,3015 XE Rotterdam (Oude Westen),"€2,850 per month",135 m²,4 rooms,Furnished
Flat Brede Hilledijk 638,3072 NK Rotterdam (Katendrecht),"€2,000 per month",105 m²,3 rooms,Furnished
Flat Spoorsingel,3033 GP Rotterdam (Provenierswijk),"€1,494 per month",63 m²,2 rooms,Furnished
Flat Sint-Jacobstraat,3011 DK Rotterdam (Stadsdriehoek),"€2,400 per month",96 m²,5 rooms,Upholstered
Flat Claes de Vrieselaan 21 B,3021 JB Rotterdam (Middelland),"€2,750 per month",178 m²,4 rooms,Upholstered
Flat Osseweistraat,3023 DD Rotterdam (Nieuwe Westen),"€2,500 per month",101 m²,6 rooms,Upholstered
Studio Eendrachtsweg,3012 LG Rotterdam (Cool),"€1,595 per month",50 m²,1 room,Furnished
House Flying Dutchmanstraat,3077 ZH Rotterdam (Oud IJsselmonde),"€1,565 per month",99 m²,3 rooms,Shell
Flat Bijlwerffstraat 19 A,3039 VD Rotterdam (Blijdorp),"€2,250 per month",65 m²,3 rooms,Upholstered
Flat Kruisplein,3012 CC Rotterdam (Cool),"€2,500 per month",70 m²,2 rooms,Furnished
Flat Waterloostraat,3062 TL Rotterdam (Kralingen Oost),"€3,000 per month",160 m²,1 room,Furnished
House Ringvaartweg,3065 AE Rotterdam ('s-Gravenland),"€8,500 per month",382 m²,7 rooms,Furnished
Flat Müllerkade,3024 EP Rotterdam (Schiemond),"€1,895 per month",65 m²,3 rooms,Upholstered
Flat Kruiskade,3012 EG Rotterdam (Cool),"€2,522 per month",83 m²,2 rooms,Furnished
Flat Gedempte Zalmhaven 190,3016 DT Rotterdam (Nieuwe Werk),"€3,450 per month",112 m²,3 rooms,Furnished
Flat Schieweg,3038 BG Rotterdam (Bergpolder),"€1,675 per month",96 m²,3 rooms,Upholstered
Flat Graaf Florisstraat,3021 CA Rotterdam (Middelland),"€2,800 per month",140 m²,3 rooms,Furnished
Flat Landverhuizersplein 12,3072 MH Rotterdam (Kop van Zuid),"€2,350 per month",103 m²,3 rooms,Upholstered
Flat Gedempte Zalmhaven 527,3011 BT Rotterdam (Stadsdriehoek),"€2,250 per month",125 m²,3 rooms,Upholstered
Flat Wierdsmaplein,3072 MJ Rotterdam (Kop van Zuid),"€2,500 per month",80 m²,2 rooms,Furnished
House Maashavenkade 119,3072 ES Rotterdam (Katendrecht),"€2,600 per month",166 m²,7 rooms,Furnished
Flat Wijnbrugstraat 122,3011 XW Rotterdam (Stadsdriehoek),"€2,550 per month",98 m²,3 rooms,Furnished
Flat Den Uylsingel,3066 TC Rotterdam (Prinsenland),"€1,749 per month",89 m²,3 rooms,Furnished
Flat Gouvernestraat,3014 PN Rotterdam (Oude Westen),"€2,293 per month",108 m²,2 rooms,Furnished
Flat Jaffa,3061 JK Rotterdam (Kralingen West),"€1,825 per month",60 m²,2 rooms,Furnished
Flat Nolensstraat 23 B-02,3039 PL Rotterdam (Blijdorp),"€2,450 per month",107 m²,4 rooms,Upholstered
Flat Binnenrotte 295,3011 HB Rotterdam (Stadsdriehoek),"€2,750 per month",101 m²,3 rooms,Furnished
House Flying Dutchmanstraat,3077 ZH Rotterdam (Oud IJsselmonde),"€1,795 per month",120 m²,3 rooms,Shell
Flat Heemskerkstraat,3038 VE Rotterdam (Bergpolder),"€1,744 per month",50 m²,1 room,Furnished
Flat Schinkelstraat,3061 MN Rotterdam (Kralingen West),"€2,700 per month",90 m²,3 rooms,Furnished
Flat Hoogstraat,3011 PR Rotterdam (Stadsdriehoek),"€2,700 per month",69 m²,4 rooms,Furnished
Flat Korte Hoogstraat,3011 GJ Rotterdam (Stadsdriehoek),"€2,299 per month",85 m²,2 rooms,Furnished
Flat Grotekerkplein,3011 GD Rotterdam (Stadsdriehoek),"€1,795 per month",35 m²,2 rooms,Shell
Room Willemskade,3016 DK Rotterdam (Nieuwe Werk),€795 per month,7 m²,1 room,Furnished
Room Willemskade,3016 DK Rotterdam (Nieuwe Werk),€835 per month,7 m²,1 room,Furnished
Room Willemskade,3016 DK Rotterdam (Nieuwe Werk),€748 per month,7 m²,1 room,Furnished
Room Willemskade,3016 DK Rotterdam (Nieuwe Werk),€682 per month,7 m²,1 room,Furnished
Room Willemskade,3016 DK Rotterdam (Nieuwe Werk),€806 per month,7 m²,1 room,Furnished
Room Willemskade,3016 DK Rotterdam (Nieuwe Werk),€566 per month,7 m²,1 room,Furnished
Studio Saftlevenstraat,3015 BK Rotterdam (Oude Westen),"€1,750 per month",38 m²,2 rooms,Furnished
Flat Zuidplein,3083 CR Rotterdam (Zuidplein),€840 per month,50 m²,3 rooms,
Room Willemskade,3016 DK Rotterdam (Nieuwe Werk),€853 per month,16 m²,1 room,Furnished
Room Hogenbanweg,3028 GV Rotterdam (Oud Mathenesse),€770 per month,63 m²,1 room,Furnished
Flat Müllerkade,3024 EP Rotterdam (Schiemond),"€1,895 per month",65 m²,3 rooms,Upholstered
Flat Willem de Zwijgerstraat,3043 VD Rotterdam (Overschie),Price on request,100 m²,1 room,Upholstered or furnished
Flat Waterloostraat,3062 TL Rotterdam (Kralingen Oost),Price on request,78 m²,3 rooms,Furnished
Flat Wijnbrugstraat,3011 XW Rotterdam (Stadsdriehoek),"€3,000 per month",130 m²,3 rooms,Furnished
Flat Coolhaven 205,3015 GC Rotterdam (Dijkzigt),"€2,200 per month",105 m²,3 rooms,Furnished
Studio Hendrik Sweijsstraat,3065 NJ Rotterdam ('s-Gravenland),"€2,600 per month",68 m²,3 rooms,Furnished
Flat G.H. Betzweg,3068 AZ Rotterdam (Oosterflank),"€1,936 per month",82 m²,3 rooms,Furnished
Flat Samuel Soesmanstraat 15,3015 GL Rotterdam (Dijkzigt),"€2,600 per month",92 m²,3 rooms,
Flat Den Hertigstraat 52 B,3081 KD Rotterdam (Tarwewijk),"€1,800 per month",85 m²,3 rooms,Furnished
Flat Nassauhaven,3071 JK Rotterdam (Feijenoord),"€2,000 per month",74 m²,3 rooms,Upholstered or furnished
Flat Wijnbrugstraat 353,3011 XW Rotterdam (Stadsdriehoek),"€2,450 per month",110 m²,3 rooms,Furnished
Flat Van Vollenhovenstraat,3016 BJ Rotterdam (Nieuwe Werk),"€2,300 per month",70 m²,2 rooms,Furnished
Flat 's-Gravenweg 657,3065 SC Rotterdam ('s-Gravenland),"€2,800 per month",44 m²,2 rooms,Furnished
House Mecklenburglaan,3062 BJ Rotterdam (Kralingen Oost),"€6,500 per month",386 m²,8 rooms,Upholstered or furnished
Flat 's-Gravenweg,3065 SC Rotterdam ('s-Gravenland),"€2,400 per month",50 m²,2 rooms,Furnished
Flat Oudedijk,3061 AG Rotterdam (Kralingen West),"€2,800 per month",120 m²,3 rooms,Upholstered
Flat Kruiskade,3012 EG Rotterdam (Cool),"€2,104 per month",86 m²,3 rooms,Upholstered
Flat Kruiskade,3012 EG Rotterdam (Cool),"€2,541 per month",84 m²,3 rooms,Furnished
Studio Witte de Withstraat,3012 BT Rotterdam (Cool),"€1,175 per month",45 m²,1 room,Furnished
Studio Witte de Withstraat,3012 BT Rotterdam (Cool),"€1,250 per month",45 m²,1 room,Furnished
Flat Maasboulevard 196,3011 TX Rotterdam (Stadsdriehoek),"€2,500 per month",105 m²,3 rooms,Upholstered or furnished
Studio Weena,3014 DA Rotterdam (Cs Kwartier),"€2,995 per month",65 m²,1 room,Furnished
Studio Witte de Withstraat,3012 BT Rotterdam (Cool),"€1,200 per month",50 m²,1 room,Furnished
Studio Witte de Withstraat,3012 BT Rotterdam (Cool),"€1,125 per month",50 m²,1 room,Furnished
Flat Ochterveltstraat,3015 XL Rotterdam (Oude Westen),"€2,250 per month",70 m²,2 rooms,Furnished
